UID, Name, Followings
257629, Mr.Truth, 617285, 395844576, 6432522, 60614881, 7475950, 102738630, 8356357, 18036833, 10462362, 3380239, 63231, 282994, 81192, 30160, 137952, 16794231, 883968, 122879, 777536, 398510, 284114
617285, 芒果冰OL, 3211302, 76843373, 26817572, 28678937, 88074463, 230547590, 3529766, 13354765, 34800353, 29235455, 37199377, 808171, 16419172, 11415011, 23371320, 11252239, 392035586, 193584, 30580510, 7606047, 324935495, 418761, 387898408, 326081112, 295484813, 348989367, 27692172, 13814359, 35348734, 7552204, 21456897, 4249401, 21330948, 19981860, 34761902, 927687, 357465976, 7475950, 429251, 393573744, 80304, 39154728, 243659434, 1267648, 320737696, 52296044, 37090048, 15264115, 10217261, 12208573
395844576, 玩啥游戏官方, 32708316, 21031789, 583347, 865149, 548824, 37090048, 883968
6432522, 大宝兔DOUBLE2, 388934853, 404642665, 272806125, 299055781, 6574487, 35547746, 95503301, 7956629, 5957440, 227107602, 4474705, 283799266, 39304265, 349701744, 65885427, 32786875, 1690404, 37090048, 372973523, 250858633, 330521448, 99157282, 328766312, 26203062, 10942427, 17858942, 6857104, 11918927, 32533557, 245671541, 11870568, 26139491, 54951409, 176037767, 2040164, 14557912, 96651862, 101975526, 36099076, 166335505, 2121525, 51594510, 175861153, 97329145, 429251, 68472772, 88422753, 3032988, 602604
60614881, 无聊的Do君, 34362799, 313040378, 335281381, 2913152, 12360828, 3957971, 389992601, 7552204, 808171, 19642758, 326469939, 324753357, 205795482, 229740315, 8566438, 17409016, 341112049, 222202113, 20503549, 96130398, 14402657, 85529565, 52296044, 11278782, 1314662, 26261985, 32280291, 325341848, 296725051, 18075138, 881785, 12894311, 10040906, 2871017, 107297669, 32786875, 6574487, 105523095, 39642124, 84127823, 354077280, 250858633, 16200113, 20771487, 31021190, 97142825, 24622055, 16853896, 27218150, 4505501
7475950, 豆砸OwO, 679749, 292059906, 3351, 18775476, 364225566, 137952, 10040906, 336731767, 18149131, 4693475, 250111460, 35581334, 216025, 32786875, 617285, 1351379, 67141, 375504219, 382595439, 13676986, 27368, 9982481, 11253297, 295711424, 216844, 25876945, 2, 9099524, 349991143, 346059, 34858100, 123938419, 2316310, 208259, 268104, 125776535, 6014992, 2829782, 10558098, 37090048, 12908394, 176037767, 904827, 332704117, 250858633, 340196625, 4143984, 22667511, 3481012, 808171
102738630, 战舰少女R艾拉, 174501086, 350001139, 29222307, 136107, 748747, 15253761, 8149502, 7223194, 262326, 225473
8356357, 十一酱s, 102803424, 2897884, 136969158, 28646839, 216844, 6074759, 777536, 1884009, 34798707, 2481350, 144237821, 762048, 17411621, 245712665, 278476067, 351356109, 759692, 24529530, 324270444, 61101017, 5462540, 2303935, 521444, 19174730, 116683, 3079981, 23182309, 1932995, 3066885, 8552157, 772648, 883968, 1351379, 21023492, 2350752, 1335759, 2210919, 5211089, 6022710, 724686, 119418, 1324413, 175631, 554122, 37394425, 3797626, 2393149, 622863, 5860126, 730055
18036833, 一颗好果子啊喂, 16308126, 50212909, 1921438, 18020792, 361433786, 35836017, 25954179, 301245961, 106867795, 23870850, 14765385, 66446827, 18416545, 249491937, 2981561, 34149649, 357157157, 113362335, 45229189, 38740321, 3488185, 53429748, 40923334, 18068987, 300577513, 10009492, 64925986, 1375608, 68565179, 257891388, 34557341, 426657, 19696996, 49494053, 324497942, 25782796, 259832218, 7824219, 30110952, 92973341, 12968717, 24602810, 466272, 91124579, 6229277, 16307541, 89847338, 164139557
10462362, 天天卡牌, 349153780, 82483195, 15324420, 108226076, 94161062, 390461123, 1893045, 295711424, 235555226, 32786875, 39627524, 4162287, 36785568, 99157282, 196356191, 348656633, 4474705, 2634936, 176037767, 132704, 317987698, 29876148, 9497090, 4011488, 35348734, 383671544, 108635990, 54841, 15835521, 1850091, 250858633, 29440965, 2226796, 1461498, 2654670, 423895, 3682229, 79061224, 49494871, 2878451, 313460, 385894, 12325234, 27501395, 279991456, 248510012, 290526283, 6075139, 27179856, 32365949
3380239, 神奇的老皮, 271444093, 1850091, 10465620, 3379951, 4931952, 7349, 9982481, 6627715, 12139655, 35365327, 174501086, 11947955, 208133598, 19642758, 329360018, 50444181, 8047632, 39847479, 883968, 295711424, 8034163, 10558098, 205795482, 327024617, 8893909, 6754449, 173947574, 3066511, 8111960, 8566438, 383463486, 94281836, 398510, 20474742, 39915398, 3481012, 2654670, 280793434, 946974, 3760773, 96423810, 278898145, 2989565, 2929048, 110974, 2522486, 617285, 2, 7487399, 235555226
63231, 泛式, 345819190, 500198, 1448323, 777536, 364225566, 79061224, 290982, 20165629, 848008, 295711424, 5055, 419220, 2206456, 2374194, 5957440, 7792521, 7875104, 9008159, 16307541, 17409016, 19456751, 21837784, 27218150, 32365949, 43536, 322892, 375375, 391679, 466272, 2403047, 8960728, 9550310, 16794231, 32820037, 176037767, 332704117, 9824766, 14622833, 14110780, 168598, 820583, 25876945, 250858633, 283538, 284424, 196356191, 1605721, 13676986, 3775509, 1577804
282994, 泠鸢yousa, 42870908, 388703136, 2633829, 8684591, 58151277, 423442, 14528431, 1953307, 165865712, 3331521, 11450923, 12855005, 1532165, 272084444, 6739643, 213059082, 684169, 138832847, 730732, 7596516, 18030567, 1320523, 13819840, 346059, 2103351, 11073, 23506112, 49780279, 250858633, 10245965, 196356191, 10558098, 176037767, 36231663, 18020792, 216025, 142227951, 122879, 137952, 2320796, 17396293, 34955701, 85671799, 63231, 14110780, 284120, 1791101, 96498393, 16307541, 34149649
81192, 真鱼, 394614839, 403928672, 17561219, 285318902, 361428601, 404711130, 395171910, 434311, 29308711, 339567211, 349991143, 1576121, 174501086, 326499679, 267808889, 234441166, 25195981, 11357018, 144900177, 32708462, 3211302, 2703253, 63231, 14110780, 1320523, 777536, 1351379, 216844, 26597
30160, LT有C, 392505232, 12362451, 403921378, 174501086, 1576121, 9008159, 339567211, 375504219, 349991143, 332704117, 585267, 32708587, 11357018, 7349, 216455, 210072847, 423895, 11052822, 32708462, 54992199, 8047632, 21453565, 928123
137952, 依然小智, 16539048, 9165690, 168598, 2059591, 1520652, 18030567, 500198, 540128, 808171, 777536, 2970476, 288239
16794231, 靠脸吃饭的徐大王, 203389736, 808171, 7378263, 1605721, 10217261, 19456751, 13267550, 14333871, 279991456, 24738601, 548824, 72233465, 82347602, 433351, 4408538, 208259, 2255740, 12360828, 38591353, 26583216, 101159187, 15324420, 295723, 642922, 425642, 193584, 3760773, 10942591, 461637, 235555226, 12593682, 2059591, 1461498, 289887832, 27900565, 2403047, 2206456, 3539610, 79061224, 423895, 375375, 168598, 419220, 14254182, 2929048, 913497, 234256, 8047632, 178778949, 7215682
883968, 暴走漫画, 395844576, 37090048, 350238671, 20165629, 20646254, 144900660, 21031789, 235555226, 609687, 919244
122879, 敖厂长
777536, LexBurner, 1577804, 208259, 8980515, 7558565, 7487399, 168598, 26311441, 2403047, 47780275, 10884963, 4079592, 11336264, 2970476, 9256927, 6159663, 477009, 346059, 288239, 284114, 48468, 7349
398510, 泽野螳螂, 7508296, 96070394, 730732, 3211302, 11167, 8047632, 3380239, 7487399, 250858633, 328303954, 32786875, 176037767, 19071708, 168598, 235555226, 2989565, 295723, 34798375, 2735222, 22770727, 22781, 2192108, 59905809, 1276787, 63231, 23604445, 2, 208259, 7792521, 592761, 14110780, 7349, 1770706, 8834176, 52250, 546195, 4162287, 3173802, 2937475, 41273726, 486183, 8272, 585267, 423895, 92916, 185546, 8034163, 602496, 477009, 442520
284114, JK峰, 427432, 3350479, 12928, 138892, 123484, 137952, 757102, 1949755, 777536, 748709, 234782, 330217, 168789, 77818, 203194, 361891, 122879, 116683, 89434, 1492
3211302, 艾尔十六
76843373, 吃光吧金子
26817572, 六个牛柳扭六扭
28678937, 大收藏家周树人
88074463, 忘川河上的猫车
230547590, 邋遢道士
3529766, -丸丸-
13354765, 徐大虾咯
34800353, 37777777777
29235455, 马桶吐槽
37199377, 沧桑丸
808171, 吃素的狮子
16419172, 灵魂画手杨老师
11415011, Gini酱
23371320, 异次元臭豆腐
11252239, colinzang
392035586, 悦耳声乐Jayson
193584, 闻香识
30580510, 是白米不是黑米
7606047, 尤_里
324935495, 搞笑的昌叔
418761, 吃饱了撑了殿下
387898408, 章脑丸
326081112, 夹性芝士
295484813, 叶洛cc
348989367, 沫子瞪片
27692172, StealthGamerBR
13814359, 抗压吧电鳗
35348734, 炉石传说囚徒
7552204, 啊吗粽
21456897, 孙老师非要尬聊
4249401, 20岁了还没去过星巴克
21330948, 隔壁班的喵会长
19981860, Christopher_Zhao
34761902, 大叔雷
927687, 折腾5号
357465976, 一一仙某某一一
429251, 大宝剑联盟
393573744, 美少女小惠
80304, 亚食人
39154728, 定州吴彦祖
243659434, 林晨同学
1267648, 芒果夜叔
320737696, 长不大的GM
52296044, 郭乐乐很努力
37090048, 哔哩哔哩创作中心
15264115, 时潜潜
10217261, 九筒Ninetone
12208573, 纯真的浅灰蓝
32708316, 游戏区手柄菌
21031789, 王尼玛
583347, 虫叔超酷的
865149, DizzyFunco
548824, 鸡鸡・夫斯基
388934853, 胡来决定去旅行
404642665, 纳豆_Nado_??
272806125, 川乡小妹儿
299055781, 一奏器乐派APlay
6574487, 纳豆奶奶
35547746, 吞拿鱼饭团
95503301, 中国传媒大学
7956629, 大胖和软软
5957440, 曼食慢语
227107602, 张喜喜-
4474705, 孤独的美食基
283799266, 晓二郎先生
39304265, 韩国东东
349701744, 宅女安妮古丽
65885427, dsgougouTJ
32786875, 信誓蛋蛋
1690404, Toosaka蔓蔓
372973523, 银耳乐团
250858633, 华农兄弟
330521448, 大胃阿伦
99157282, 盗月社食遇记
328766312, KIMI颜哥
26203062, 恩格尔是我爸爸
10942427, 香喷喷的小烤鸡
17858942, 哎哟阿尤
6857104, 张逗张花
11918927, 一只龙傲娇
32533557, 歪嘴的罐儿
245671541, 大胃王照远
11870568, 拉宏桑
26139491, 假美食po主
54951409, 耗子吸猫
176037767, 我是郭杰瑞
2040164, 啦啦啦爱千宝
14557912, fromis_9Pink校车
96651862, 好吃的甜豆
101975526, 厨猫的美食
36099076, 芦荟圆滚滚
166335505, QTGANG
2121525, ysyzxjy
51594510, 白桃Seol
175861153, 大胃mini
97329145, 中国鬼怪排行榜
68472772, 百年OfBeauty
88422753, 出发吧阿伦
3032988, 大胃王密子君
602604, 逆L大天使
34362799, 王怡苏
313040378, 幸福的小樱和小狼
335281381, 荷包蛋的TE酱
2913152, 陈年起司
12360828, 江君是也
3957971, 贤宝宝Baby
389992601, 马鲨鲨鲨
19642758, 力元君
326469939, 小成很惆怅
324753357, 日本沙雕日常
205795482, WillTV
229740315, 秋山d平
8566438, 皮蛋壳好吃
17409016, 爱做饭的芋头SAMA
341112049, 梦在湖畔
222202113, 活在梦里的hentai
20503549, doyoudo
96130398, 太太是日本人
14402657, 松浦文哉-SPWZ社L-
85529565, iidynasty
11278782, 王咩阿
1314662, 猴吉很忙
26261985, 雨转雪间晴
32280291, 在下无名之辈
325341848, 阿一聊海贼王
296725051, 我是瓜皮儿本人
18075138, 悬影驿站
881785, 雪莹yuki
12894311, 潮玩客
10040906, 四季萌芽
2871017, 一栗莎子
107297669, 微澈の日常
105523095, 喵咪姐姐01
39642124, 爱生活的乐先生
84127823, 小番薯tudou
354077280, 1818黄金眼
16200113, A型血de记事本
20771487, 小野寺AMIKUN
31021190, masanoTV
97142825, 斜对面小崔
24622055, 虚拟宫宫Official
16853896, kei和marin
27218150, 刘哔电影
4505501, TokyoTube频道
679749, Diriya伯爵
292059906, 焚
3351, 林大B
18775476, 奇思Cheers
364225566, 战斗吧歌姬官方账号
336731767, 夏色祭Official
18149131, Overidea_China
4693475, 奈白_
250111460, 蜡笔和小勋
35581334, 猪肉熟了
216025, 尕丶天堂
1351379, 赫萝老师
67141, C酱です
375504219, -阿库娅Official
382595439, 无毒放心奶
13676986, 常长ll
27368, KiraStar的Mvv
9982481, 右小死
11253297, 多多poi丶
295711424, 神秘店长A
216844, 玩偶菌
25876945, 极客湾Geekerwan
2, 碧诗
9099524, CarlyLee
349991143, 神SめあOfficial
346059, 小M呜喵王
34858100, 瞎看什么
123938419, 嘻咦啊看
2316310, 冰叹
208259, 陈睿
268104, 吴织亚切大忽悠
125776535, 萌新二次方
6014992, 叫我棉被
2829782, 何必Hebee
10558098, 黑镖客梦回
12908394, 绅士Kevil
904827, JK低手鱼太
332704117, 白上吹雪Official
340196625, 宅集社
4143984, 零葬・黑魔王
22667511, 中二病小忆
3481012, 低调的帅爷
174501086, 哔哩哔哩会员购
350001139, 四叶草剧场
29222307, Showcage
136107, Bison仓鼠仓
748747, w栗子w
15253761, e7057
8149502, 豆子与豆奶
7223194, 林簌SUSU
262326, 欣丶沫茉
225473, 绯川陵彦
102803424, 小男孩甲
2897884, 是菟子不是兔子
136969158, 栗子味的小栗子
28646839, 神秘谣言MR
6074759, 一个挑事的表情
1884009, promawer
34798707, 66Chyan
2481350, 夏井莉央
144237821, 一只快乐的小nako
762048, 东京不够热字幕组
17411621, 红鱼鱼鱼鱼鱼鱼鱼
245712665, 冰亦天蓝
278476067, 木鱼啦
351356109, 玩子君手作
759692, 单推平手友梨奈
24529530, Howard_Lee
324270444, 花花你在哪儿
61101017, KPOP高清LIVE
5462540, 爆浆窝窝头
2303935, GP81每日KPOP
521444, 西四炸弹
19174730, 哎Yi呦
116683, =咬人猫=
3079981, 寡人二维
23182309, 溪溪鬼才er
1932995, 我叫0+4
3066885, 飘过的格儿
8552157, 吮指原未姬
772648, 沈初霜
21023492, 柏木由纪的胖次
2350752, DIU社
1335759, 老当益壮字幕组
2210919, 小樱花字幕组
5211089, 满满是茉满
6022710, RiRiRi
724686, 一波利花菜园一
119418, 赤九玖
1324413, 牛牛蝎羯
175631, 川岛薄荷
554122, Nyamazing字幕组
37394425, 奶酪酱チ`ズ
3797626, WineQ圈9
2393149, SolHoward
622863, 千本露露
5860126, 晨上初雨
730055, 中u由F
16308126, 六神abi
50212909, HeyDrones
1921438, 七十七祈漆
18020792, 易烫YCC
361433786, 满满Cyim
35836017, 1MILLION_OFFICIAL
25954179, 仇仇qiuqiu
301245961, IAMFIONAAAAA
106867795, 黄颠颠哟
23870850, ALINYE-
14765385, Reaco庭
66446827, 姬冥冥
18416545, -Nanyou
249491937, GLR_G
2981561, 青云红衅
34149649, oh_emma
357157157, lamuqe__金宝环
113362335, 宝剑嫂
45229189, Vickysoupsss
38740321, SAVISLOOK
3488185, 三三三三三两
53429748, 我是小章鱼大丸纸
40923334, SUGGYL
18068987, 邱婆儿
300577513, HiMiaMia
10009492, Meng-Mao
64925986, 大佬甜er
1375608, 5kg字幕组
68565179, 扇子NO_FAN_NO_FUN
257891388, 你的男票Wiwen
34557341, 大包多来两笼没关系呀
426657, 大野爸爸
19696996, 小猪姐姐zzreal
49494053, Albatrozz_
324497942, LiLi长不大
25782796, 深夜徐老师
259832218, 卡卡会发光guang
7824219, 恰恰是我a
30110952, GINAHELLO
92973341, 脸脸WANG
12968717, 铁一WENDYZ
24602810, 迦陵l迦
466272, 机智的党妹
91124579, 烟萝酱
6229277, Rainie田
16307541, Vivekatt
89847338, Pony_朴惠敏
164139557, 活蹦乱跳的肥
349153780, FinnTV
82483195, 暴雪游戏频道
15324420, 数据库kira
108226076, 熊大自走棋
94161062, 王师傅直播录制猿
390461123, 徐大sao
1893045, 狂风桑
235555226, 哔哩哔哩UP主执事
39627524, 食贫道
4162287, 渗透之C君
36785568, 寅子欢乐秀
196356191, 翔翔大作战
348656633, 迪仔Dizzz
2634936, 虎牙包包录播员
132704, 反犬TDog
317987698, 秋日自走棋丶
29876148, 炉石丶啦啦啦
9497090, 玻璃玻璃神
4011488, 北杰好想要减肥
383671544, 异灵术老师
108635990, 炉石传说瓦莉拉
54841, 小僧虚沧
15835521, 解说xiaoy
1850091, Jannchie见齐
29440965, 超级小桀的日常
2226796, 抱怨丶
1461498, 爱喝假酒的FA
2654670, 狸子LePtC
423895, 怕上火暴王老菊
3682229, 长歌与小见见
79061224, 刘老师说电影
49494871, 冒险雷探长
2878451, Nintendoge任天狗
313460, 林无名丶
385894, 梅坞Posunce
12325234, _空辰丶
27501395, 炉石萌萌哒的狗贼
279991456, 靠谱电竞
248510012, 小板娘萌太奇66
290526283, 美食作家王刚R
6075139, Animenzzz
27179856, 小孔成大象
32365949, 聚印象视频
271444093, 大J带你玩6寸
10465620, 拓星研究所
3379951, ilem
4931952, 奶粉の日常
7349, STN工作室
6627715, 红桑桑
12139655, Counter656
35365327, 超电文化周边
11947955, 无糖nosugar
208133598, 阿尔利丹-地狱咆哮
329360018, 布鲁Sir_
50444181, 飞飞舰长
8047632, 哔哩哔哩弹幕网
39847479, 毒角SHOW
8034163, 浅澄月
327024617, 核子制作
8893909, 刘哥模玩
6754449, 健康绿色上网
173947574, 好奇五先生
3066511, 特效小哥studio
8111960, ECValue
383463486, 神奇的陈导FD
94281836, 文西与阿漆
20474742, 拂晓工作室FD
39915398, MrYang杨家成
280793434, 手工耿
946974, 影视飓风
3760773, 大果粒粒V
96423810, 修车工阿宾
278898145, 哔哩哔哩商业广告
2989565, 画画峰
2929048, 网易暴雪游戏视频
110974, 视频大拍档
2522486, 涛哥测评
7487399, 努力的Lorre
345819190, Kanna_VTuber官方频道
500198, 水王怀特金
1448323, 樱美Yuna-Official
290982, zcy902
20165629, 共青团中央
848008, 麦子麦籽
5055, 小缘
419220, 神奇陆夫人
2206456, 花少北丶
2374194, 墨韵Moyun
7792521, 还有一天就放假了
7875104, 千户长生
9008159, 花花与三猫CatLive
19456751, 文曰小强
21837784, 阿斗归来了
43536, 黑桐谷歌
322892, 痒局长
375375, 伊丽莎白鼠
391679, A路人
2403047, 嘟督不噶油
8960728, 日食记官方
9550310, 萧忆情Alex
32820037, 歪果仁研究协会
9824766, 敬汉卿
14622833, AYAKO是老阿姨
14110780, 凉风Kaze
168598, 逍遥散人
820583, 桌游林吃素
283538, 冷面Lim
284424, 小熊绅士
1605721, 允星河Yoseya
3775509, 佐天Tamako
1577804, 某幻君
42870908, 网不红萌叔Joey
388703136, 柿子菌的旅行计划
2633829, Adam__LGH
8684591, 露露黄了
58151277, 喵招_
423442, KBShinya
14528431, 小迷糊也是王美丽
1953307, 就是热啊
165865712, 懵懵个大懵
3331521, 帅你一脸毛蛋
11450923, 葫芦鼠
12855005, 柿子菌meow
1532165, papi酱
272084444, 银雾影社
6739643, 话很多的小姐姐们
213059082, 宠了个趣
684169, 茶理理理子
138832847, 哇哇哇妹
730732, 瓶子君152
7596516, 酒客小丑
18030567, H萌团队
1320523, 饭帅fun
13819840, Gloxxa
2103351, 双笙子
11073, hanser
23506112, 星，月，夜，小丑
49780279, 潘全货是彩妆控控控
10245965, -星泽西-
36231663, 杏仁眼_Miu
142227951, 壮圆Ring
2320796, 七月爱美妞
17396293, 海燕酱
34955701, 俄罗斯田园猫
85671799, 帕特吹莎
284120, 三无Marblue
1791101, 鲁过一下
96498393, 梧桐Tone
394614839, 天角引进图书部
403928672, 本间向日葵Official
17561219, 直播小喇叭
285318902, 天闻角川_Official
361428601, Blue麦克风官方账号
404711130, Nachoco搬运
395171910, 动漫音乐资讯
434311, 懒惰的Tomi
29308711, RyuuuTV
339567211, 赤井心Official
1576121, 帕里_Paryi
326499679, 哔哩哔哩漫画
267808889, Kamrokkk
234441166, 圣翔音乐学院放送科
25195981, 叶佳桐
11357018, AnimeTamashii
144900177, 哔哩哔哩专栏
32708462, 不动的ACG大图书馆
2703253, 德井鱼
26597, Magus
392505232, 安堂いなり_official
12362451, 犬山玉姬Official
403921378, 静凛Official
585267, 纯黑-克劳狄乌斯
32708587, 番剧研究所
216455, 永恒的武嘉
210072847, 轻改万事屋
11052822, 终路之零
54992199, 观视频工作室
21453565, TV-TOKYO
928123, 哔哩哔哩番剧
16539048, 一只小仙若
9165690, 桐人c
2059591, 性巴莎拉
1520652, 团子菌～
540128, 火山holic
2970476, 依然小智障
288239, 虐猫狂人薛定谔
203389736, TopGear
7378263, 游嘻Talk
13267550, 吾好梦中鬼畜
14333871, 吐嚎影院
24738601, 李老鼠说车
72233465, 几辰东子
82347602, 后期大鹏哥
433351, EdmundDZhang
4408538, 我是怪异君
2255740, 你的苏暖
38591353, 马卖皮皮虾
26583216, 纯洁上校
101159187, 黑桔子ii
295723, ★⑥|轮椤
642922, 韩小沐
425642, 软软冰
10942591, 问舰科幻
461637, 橙心社
12593682, 仄达克奈特
289887832, 痴鸡小队官方
27900565, 夜zox夜-
3539610, 节能の手
14254182, 黑椒墨鱼
913497, 柚子又抽了
234256, 逗川kshadow
178778949, 英雄联盟
7215682, 进击の梨
350238671, 未来机器城
20646254, 暴走吧bilibili
144900660, 专栏小天使
609687, Mr.Lemon
919244, 陈皮诺Pino
8980515, 芦琦_奇怪
7558565, Catherine豪
26311441, 一咸菊菊
47780275, 削人棍专用BGM
10884963, Gent_
4079592, 机核网
11336264, TESTV官方频道
9256927, SoulsTeam
6159663, 谷大白话
477009, 半导铁匠
48468, 御坂19209
7508296, 疯猴pme
96070394, 推背兔の
11167, 平安夜的噩梦
328303954, 梢昂胫_nZk
19071708, 潮汕好男人
34798375, 传说diehunter
2735222, 非桥段
22770727, 豪言の经理
22781, Co视
2192108, 王思妇丶
59905809, 哦呼w
1276787, 稚嫩的魔法师
23604445, 上海滩许Van强
592761, 可C
1770706, 瞬间爆炸型LowSing
8834176, 何奥的菜花
52250, 视角姬
546195, 老番茄
3173802, 夜游之夜魔
2937475, 可坌⊙蛎
41273726, 一之濑asuka
486183, 排骨教主
8272, 黑石稔
92916, 八月给
185546, 小可儿
602496, 兰梓
442520, 樗儿
427432, 火鸟台风
3350479, 小羊菌
12928, 科洛丝・琳希
138892, V.R.
123484, guanyuhan426
757102, 小日记smalldiary
1949755, 小萌才不天然
748709, Chimera君
234782, 祈Inory
330217, ⑦海〃游神
168789, 小鸟游六花
77818, 雾香・楼兰
203194, 卡米雷特
361891, 萌虎letsgo
89434, 麦丽素很黑
1492, Q-kun
