mid,author,aid,title,created,length,pic,view,danmaku,reply,like,coin,favorite
546195,老番茄,12124349,如何成为绿帽之王,1500026431,07:13,//i1.hdslb.com/bfs/archive/52678941bd62682c7129e974ff1060472eee91bc.jpg,939932,4722,2983,2573,6477,2561
562197,中国BOY超级大猩猩,29163960,就算是再难的游戏！我也是可以通过一些野路子通关的！,1534060365,11:44,//i1.hdslb.com/bfs/archive/912af59cba05a86b86f7128d621c2ac1bbbe763b.jpg,1135295,15649,4626,33964,42034,7413
7349,STN工作室,45400753,SLOG#04 7分钟看卢浮宫3宝,1551757102,09:27,//i2.hdslb.com/bfs/archive/93aef517c38fe0255e2c407045571325b322328b.jpg,118092,1135,518,4628,1824,897
927587,木鱼水心,14729446,【木鱼微剧场】《仙剑奇侠传》（P2）仗剑江湖为红颜,1506168929,15:12,//i1.hdslb.com/bfs/archive/a579675ee1115436f6b942b65d1a4ee22caf3ead.jpg,352511,3571,1871,1666,8756,2078
4162287,渗透之C君,2048024,电！锯！肾！大片级实况【电锯惊魂2】第7章 (听说你们开学了哈哈哈哈哈),1424916853,61:37,//i0.hdslb.com/bfs/archive/880e05c50329b64ba66018c1886aeef4c1bbc40b.jpg,256167,12985,1347,262,2405,1390
168598,逍遥散人,1081368,[散人]与残月的蛋疼以撒竞技,1398318178,52:04,//i2.hdslb.com/bfs/archive/1b8d2647c3e68173d75850e688e57f5318f382bd.jpg,172956,3823,241,57,241,560
808171,吃素的狮子,4538445,【狮子的绘画课堂6】五一・脑洞节,1462183972,12:54,//i2.hdslb.com/bfs/archive/a1a2ac2ba9969802fad11e57ff4c635e9e5a91ce.jpg,174800,10412,1701,36,976,1824
4162287,渗透之C君,2555948,【C菌】那些听说是最恐怖的游戏集合【第四期】,1436583675,22:18,//i1.hdslb.com/bfs/archive/de78e18cb3de2ae7a7b426055e9cff8935adc990.jpg,575421,38590,1617,629,3127,2551
4162287,渗透之C君,2523177,【C菌】那些听说是最恐怖的游戏集合【第三期】,1435983544,31:54,//i1.hdslb.com/bfs/archive/8c73fc185214fae2ff0587c1a3024f4523e46896.jpg,716043,54755,1828,769,4399,3222
10462362,天天卡牌,3162145,炉石传说i联赛精彩集锦,1446517773,11:21,//i2.hdslb.com/bfs/archive/b0067e156307dda517cf99f319038e10601b2dcc.jpg,158230,861,286,11,272,304
4162287,渗透之C君,29770199,【C菌】最奇葩吃鸡游戏! 【智障游戏合集 | 第47期】,1534680015,15:46,//i2.hdslb.com/bfs/archive/37b714ede929724eefdb82afa9c382115d5a1709.jpg,1230624,22730,4364,36767,34882,13771
883968,暴走漫画,35668533,【暴走看啥片儿第四季】14 扭腰吧！邓超,1541832573,19:03,//i1.hdslb.com/bfs/archive/a04942757660bf33d1fcfb48d96b7642426f3d86.jpg,230953,2633,1326,6671,2639,658
122879,敖厂长,278545,厂长打造舌尖上的上古卷轴,1338644831,07:57,//i0.hdslb.com/bfs/archive/070eb97e8b4afabca9280ab0c190b79f4d99afd6.gif,678499,16077,521,725,825,1679
7349,STN工作室,27902390,【屎屎看】周六开黑夜！斗舞挥锄决战宝山之巅,1532775653,12:22,//i2.hdslb.com/bfs/archive/82561841e95c2127cd8f217db519c9c7c711940e.jpg,161730,1122,544,2790,1728,652
777536,LexBurner,10141882,【Lex】震惊！谷哥和度娘居然组了cp！,1493382601,33:53,//i1.hdslb.com/bfs/archive/11988c9ac73f0d556b931f6ca00264ca3184d31a.jpg,832287,9031,3387,319,4769,1162
1643718,山下智博,983087,【山下】日语绅士之道009 “称赞”,1393304325,10:23,//i1.hdslb.com/bfs/archive/35abf4ec06bdbc4caa21f42a9c64c857b86755d5.jpg
10462362,天天卡牌,6979659,守望先锋【午时已到】第17期：风骚大锤一路向北,1478379294,09:27,//i1.hdslb.com/bfs/archive/2726d1fd89d98e0aba682c314712895594ae1529.jpg,639805,2833,863,11,5739,1419
4162287,渗透之C君,5259379,【C菌】妈的如此智障! 那些最奇葩傻缺的游戏集合!【第11期】C菌竟公然调戏女子??,1468032810,18:53,//i0.hdslb.com/bfs/archive/cb68e13c58fa2abd845ef3989c90a9035adf694a.jpg,1433004,42348,5356,2437,53550,9728
1643718,山下智博,9535671,【绅士一分钟】在日本，女孩子迎来第一次的时候，家人居然会吃红豆饭庆祝？！,1491181218,03:16,//i2.hdslb.com/bfs/archive/ac4a77a319751573e66999a2a3503827f9835a81.jpg,690501,3213,1734,702,4118,3260
562197,中国BOY超级大猩猩,3375131,你见过这样带儿子的吗？,1449928923,15:15,//i0.hdslb.com/bfs/archive/4da9fb10656e8daf489b420beaee6e4c623fd69a.jpg,202364,1535,388,421,424,1618
808171,吃素的狮子,48120567,赤身拳击！干翻拳击教练需要几拳？,1554278405,04:43,//i0.hdslb.com/bfs/archive/fcadc12bd36063d6627f1528c869634a68103596.jpg,169938,1814,908,15831,9678,3733
43536,黑桐谷歌,3162141,【巫师/猎魔人/狩魔猎人3】黑桐谷歌视频攻略 39,1446517730,51:14,//i1.hdslb.com/bfs/archive/ae1797be3f0a02d835aa9efec90cff53fe448adb.jpg
1532165,papi酱,4538472,papi酱的明星系列视频――《明撕ing面对面》,1462184092,03:53,//i1.hdslb.com/bfs/archive/bdded088edccd03c571e3ecb2888e7485ca3fa58.jpg,2078170,12790,4192,5027,23037,9557
808171,吃素的狮子,589860,【巨人&LOL&三国杀&全明星】真・进击的巨人（中日英德配）02【金坷垃争夺战】,1370310171,25:34,//i1.hdslb.com/bfs/archive/f7595c89e06d4d2057f8040c1efeb18ddaf20df7.jpg,92710,11540,124,42,519,1480
122879,敖厂长,262185,厂长击爆元首蛋蛋,1336393332,11:28,//i1.hdslb.com/bfs/archive/7a8de91f51555df408e7baa628476dddc3e54694.jpg,767503,22307,812,762,742,3029
946974,影视飓风,15909085,让Tim脸红的她是......,1509470207,12:37,//i1.hdslb.com/bfs/archive/54dab465e5fb38d803f8ddd3045f2999c1284d29.jpg,50395,612,176,247,278,269
808171,吃素的狮子,31703500,【梗百科64】乒乒乓乓！谁是那个不会打球的胖子？飞舞在乒乓球桌上的那些梗！！？,1536922040,08:26,//i0.hdslb.com/bfs/archive/1dba1abace4cbdc1b7cafbcfe4a611d80e6f4a29.jpg,350454,2322,1251,12207,8472,4940
7349,STN工作室,28279197,【屎屎看】人体唢呐挑战美声游戏,1533131017,13:24,//i2.hdslb.com/bfs/archive/47ea0fb5b5e12b348e2696ba1fba37f5bc766821.jpg,138596,1429,469,3030,2069,710
423895,怕上火暴王老菊,12615924,【王老菊教你喜加一】第九期：射爆游戏,1501077245,38:30,//i0.hdslb.com/bfs/archive/37d5e4920ae508e439dd8ba0b17eeaa05a9f0885.jpg,667475,14430,3127,1447,15989,4257
562197,中国BOY超级大猩猩,31850960,这可能是2018目前最搞笑的生存游戏了,1537088675,20:42,//i0.hdslb.com/bfs/archive/0b5701477cd226a3f9fc080751e451532280e7da.jpg,760776,8223,2696,18434,12202,3047
927587,木鱼水心,1654817,【木鱼动画解析@第11期】EVA片段分析,1414259328,18:10,//i0.hdslb.com/bfs/archive/08554f76e4bbb7b10815deb12ae73bedcb65e38f.jpg,29732,484,315,45,559,428
122879,敖厂长,1998886, 【敖厂长】在MC中包二奶,1423889583,27:03,//i0.hdslb.com/bfs/archive/975f4620f4716ec8cf78dedd888a3b0cdbc527c5.jpg,1395511,72040,2199,277,1743,3030
808171,吃素的狮子,3260424,【狮子的绘画课堂3】拯救最美的公主,1448136140,06:40,//i0.hdslb.com/bfs/archive/1e70f11646624efe7735bc8bd730c2a0af978cf4.jpg,234917,11029,1779,65,3471,3203
562197,中国BOY超级大猩猩,884784,中国BOY【病房2】试玩 确定这是恐怖游戏？,1387883917,31:36,//i1.hdslb.com/bfs/archive/3a95b1b202657b46fc60293bd8a36dbd74037ec8.jpg,32936,724,116,121,45,124
37090048,哔哩哔哩创作中心,41484871,【激励计划1周年】UP主用激励金付房租、买猫粮、定制粉丝福利……创作君馋哭了！,1548235979,05:47,//i2.hdslb.com/bfs/archive/c1db725ee23a87186cc4266ad5c5352cb8adfdc6.jpg,222320,1100,1281,4961,950,930
43536,黑桐谷歌,8995016,黑桐谷歌【仁王】12 秽土之城,1488731259,25:10,//i0.hdslb.com/bfs/archive/4b9bcd78c87e4f7371ba06671adc97743ec61782.jpg,175318,2253,415,144,1736,694
927587,木鱼水心,5046284,【木鱼微剧场】76届奥斯卡最佳动画长片《海底总动员》,1466502028,06:42,//i0.hdslb.com/bfs/archive/14bb07eed5e6fa1f9f26f40ab993739294ebb7ea.jpg,114219,482,195,242,602,885
1643718,山下智博,6094868,【绅士大概一分钟】③三河不好好做特效了，宫崎也不好好做料理了！,1472608330,04:35,//i2.hdslb.com/bfs/archive/b714afb8c0216452d94577750372b4e588035669.jpg,340572,3068,960,142,1619,650
43536,黑桐谷歌,524354,黑桐谷歌【战神升天视频攻略】04,1365044013,29:35,//i0.hdslb.com/bfs/archive/936ad8becc1a50bdee7f5801f9ce3922f8d09370.jpg,74508,3584,108,23,48,135
10462362,天天卡牌,27525615,炉石传说：【天天素材库】 第105期,1532331284,08:06,//i0.hdslb.com/bfs/archive/85d70c0b772c6edc6732a5119ceae7398e9828b2.jpg,1208895,5234,1525,5597,7827,638
1532165,papi酱,24887600,papi酱的吸猫放送――如果面试官和各种职业混搭会是什么样的呢？,1528974515,05:19,//i2.hdslb.com/bfs/archive/47775725e57551b43cf43f38fbc6e90eecaf9c6e.jpg,1848827,14149,3523,36923,31779,9703
2403047,嘟督不噶油,43565780,【嘟督咆哮解说】《生化危机2：最惨新人被咬记》第二话,1550153014,12:18,//i0.hdslb.com/bfs/archive/270ebe6e90ce69d48cec4d2c9d9172db48ec14b1.jpg,1059476,12686,2902,86619,92204,55099
168598,逍遥散人,46973568,【散人】贪到石乐志！随机洞窟探险的傻傻实况,1553256025,27:13,//i2.hdslb.com/bfs/archive/1da828265636c86e091b1fff187eab979d8f7c40.jpg,202626,2397,980,12066,6276,2642
1643718,山下智博,1474650,【山下新节目】绅士旅游01 -札幌 和 富山-,1409210364,13:59,//i1.hdslb.com/bfs/archive/466a49538bdf2b2df5c68b3e4dab206cf8d987b6.jpg,83060,2486,214,25,231,315
1532165,papi酱,16941391,想让12星座和平共处？你在逗我？,1512382844,04:52,//i2.hdslb.com/bfs/archive/19815f660ae8b4a3201843a26497aa8800b195c2.jpg,2214958,47554,18459,28367,34989,21828
168598,逍遥散人,2375785,DC漫改大电影 与狼同行 一起来童话镇探险吧(完结),1432874626,455:21,//i1.hdslb.com/bfs/archive/d635d252cc88a0e1bcbdc0a6741657d1fc35b8e3.jpg
808171,吃素的狮子,7323682, 【诸葛/司徒/葛平】东汉末年分三国,1480510683,03:26,//i2.hdslb.com/bfs/archive/5165e417d78f4d2ffb4ae0193f7cd0421c7f9baa.jpg,138974,1315,1311,40,2973,1764
546195,老番茄,15958205,【老番茄】逃离公司！社畜大冒险！,1509696042,10:11,//i2.hdslb.com/bfs/archive/07d3a86d10078de93856b82d9922aefc717f19b8.jpg,952528,5529,1915,14096,35676,10577
1532165,papi酱,5013532,papi酱的不定期更新日常,1466247228,01:28,//i1.hdslb.com/bfs/archive/2e8992db62d464f97039d9382e4c6248ab215c17.jpg,937664,1700,1795,623,3202,1960
1643718,山下智博,12599446,【非洲山下的雷雨烟花大会】烟花很美，但真的开始打雷了怎么办2333【绅士一分钟】,1501156803,09:20,//i0.hdslb.com/bfs/archive/a6710bb2369d75bc0a379899aa508a21b4b405cc.jpg,231237,12746,2672,376,6921,1582
3380239,神奇的老皮,24936737,【真人版DNF】蓝拳vs卢克！,1529114427,01:57,//i0.hdslb.com/bfs/archive/e9b956f2512a14f14b885b12c3b97500357a55e5.jpg,908530,1165,1165,10231,15188,4277
1643718,山下智博,5980165,【绅士大概一分钟】③网红不是你想做，想做就能做，西瓜蛋糕也一样,1472003106,04:09,//i0.hdslb.com/bfs/archive/132a09f29cc0bd38e5744ac8d04dac2e5ee5a891.jpg,421998,3293,1353,207,1938,937
562197,中国BOY超级大猩猩,6586427,Pewdiepie tuber simulator丨主播已成副业 买家具才是重头,1475838216,16:02,//i2.hdslb.com/bfs/archive/6ff7c13429b5e3e601f75ef740736b2438932314.jpg,363253,4014,2148,379,2286,1178
7487399,努力的Lorre,36995668,死侍/屠杀/灭霸大混战《毒液宇宙》大结局？,1543485642,07:43,//i1.hdslb.com/bfs/archive/dc9953a9d59dfa6930e04e64a92622d89c6268c5.jpg,1012069,2873,3640,31442,33869,11142
562197,中国BOY超级大猩猩,27460035,在5分钟内要做20多碗拉面？！疯了吧（VR游戏）,1532249649,09:56,//i1.hdslb.com/bfs/archive/784e741eaefe2b569be01136e3057ddc42aeed8f.jpg,960736,7932,2894,21792,20605,4766
1643718,山下智博,13516975,【火影忍者】山下挑战忍术绕口令！naruto看了就哭【绅士一分钟】,1503059455,05:02,//i1.hdslb.com/bfs/archive/1205e87feb517a8255038139a9ef462cd953fd38.png,324537,5058,2693,438,9834,1454
562197,中国BOY超级大猩猩,3178585,车祸英雄EP3丨一个天大的FLAG！,1446815493,23:00,//i1.hdslb.com/bfs/archive/89bfcde44c0cfe1f852809d88445ae34c731f91e.jpg,97881,1459,157,126,227,409
562197,中国BOY超级大猩猩,8290325,在游戏中给自己设置困难！,1485704622,12:33,//i0.hdslb.com/bfs/archive/8a7b490cbc75b90215a15230779d0ed51330831b.png,657600,10802,3583,375,6127,1613
43536,黑桐谷歌,852064,黑桐谷歌【COD GHOST中文字幕视频攻略解说】06联邦节,1385554418,18:07,//i0.hdslb.com/bfs/archive/705a2208cf45665bc8524db3b049dfc81b31fbc1.jpg,29412,1262,75,3,64,65
10462362,天天卡牌,36454978,【天天吃鸡】第43期 反复横跳 绝地坂本天秀萌新小队,1542799853,12:35,//i1.hdslb.com/bfs/archive/6f3faebb4628ee76f1e9df8920d22d9cf36d2d62.jpg,549508,3113,612,14743,18883,4505
1532165,papi酱,8175634,papi酱致某些讨人厌的亲戚,1485165662,04:46,//i0.hdslb.com/bfs/archive/83c68f6b8e399ef939ba515bbc152d210d981279.jpg,2780770,32508,9121,11545,80235,33313
168598,逍遥散人,983162,2014闲聊之视频篇,1393307619,64:42,//i0.hdslb.com/bfs/archive/706267c49686a09aebf8ff142bcf8043ab024e9e.jpg,228113,17950,1436,224,2214,2655
1643718,山下智博,16154752,三河给你讲个恐怖故事，考验你汉语听力的时候到了【绅士一分钟】,1510198466,06:41,//i0.hdslb.com/bfs/archive/4b29143b535dd8a097d9b41ce72a35292b6e5fae.png,224636,6575,1417,2399,4778,1430
433351,EdmundDZhang,23544095,【老E】比魂斗罗还要难10倍的游戏！,1526533803,11:38,//i0.hdslb.com/bfs/archive/52c906de3e2f5d3f7f6fbc7b04f029f82c8720c9.jpg,1151085,4870,2620,17739,51577,10981
4162287,渗透之C君,11583690,【C菌】任天堂全球唯一旗舰店! 【旅游小电影: 纽约(第二集)】,1498286707,18:23,//i2.hdslb.com/bfs/archive/37d49c9ae44ca553b7a8f325b7c2d60fab7aea1b.jpg,498020,19539,3774,1529,33254,6393
10462362,天天卡牌,4112453,【黄金时刻】炉石传说黄金公开赛广州站精彩集锦,1458131086,11:07,//i2.hdslb.com/bfs/archive/2237fbb3e129ca55955fa8d2ad492935a65f5994.jpg,364671,2114,500,13,1221,372
777536,LexBurner,14631076,【Lex】老蕾同志教你打王八拳,1505889600,15:49,//i1.hdslb.com/bfs/archive/6e9c28c9b96b8037626a8a750658c1bdc225215f.jpg,337802,1669,1828,1879,3405,707
123938419,嘻咦啊看,37356097,【嘻咦啊看】你偷看过别人的日记吗？,1543845484,20:38,//i0.hdslb.com/bfs/archive/0b3ab031ec8fed08859cdd4c42ed60cabd8a4d86.jpg,1225259,15540,4922,42610,60241,10965
7487399,努力的Lorre,10174694,DC排名第一的漫画《守望者》导读,1493447681,06:25,//i1.hdslb.com/bfs/archive/3bc02088d936b8e7849d233ed442704414c4a858.jpg,634811,2655,2132,2962,6268,10680
808171,吃素的狮子,14221476,新日暮里？！一个充满了神秘哲学的圣地？？【梗百科10】,1504691283,07:11,//i0.hdslb.com/bfs/archive/aa8b8faa43e7ec3f2a161e6c73934a6f89a402f0.jpg,450482,4115,1533,2064,12307,8618
168598,逍遥散人,2048097,【散人】孔明的陷阱 I wanna be the retro(P4),1424918563,41:44,//i0.hdslb.com/bfs/archive/af0fe110e6baccff7cf843675160503ad9939250.jpg,310040,16010,861,275,1517,1652
777536,LexBurner,32588145,【Lex】史上最沙雕恋爱动画，结婚多年妻子竟不让亲嘴？背后的真相居然如此恐怖！,1538054135,17:11,//i2.hdslb.com/bfs/archive/3d3f11c4d11d909bb42b88a9ca91d315f8dd3d19.jpg,2218800,50472,5994,54666,55939,17791
423895,怕上火暴王老菊,4473028,王老菊的新黑魂之旅13：跌落神坛的太阳之王,1461621948,74:00,//i1.hdslb.com/bfs/archive/669c3249c71e632a58cc814033a4d3a0fd65f415.jpg,491318,12551,1458,432,4618,2128
927587,木鱼水心,3571895,【星球大战7】【木鱼三分钟影评】――我知道评或不评你都会去看的,1452658539,03:08,//i2.hdslb.com/bfs/archive/018380f331138210817fa00a9c9579617a017e69.jpg,86068,318,271,79,303,466
1643718,山下智博,8863748,【Q君PLAYPLAY】断臂三河与平胸人妻在漆黑小屋里大战三百个回合！,1488164223,26:05,//i2.hdslb.com/bfs/archive/ed6ca201c7d95935e397d359865f22f8174ea727.jpg,243689,4227,618,126,1989,842
1643718,山下智博,3489974,【绅士大概一分钟】⑤绅士新年许愿别报警,1451603153,03:19,//i1.hdslb.com/bfs/archive/ba3a06f6241699269b768063e323b07e6c069a13.jpg,240876,14572,1304,16,1912,459
10462362,天天卡牌,20906426,【煮鸡时刻】第36期 赌博是充满祸水的深渊,1521345910,10:00,//i1.hdslb.com/bfs/archive/3fa6ce18b787d6a2057c614416d0d330d6131fe2.jpg,736155,3526,1030,2578,6914,851
546195,老番茄,21578188,【老番茄】火星语吃鸡！RAP竟起源于中国？,1522836057,07:36,//i2.hdslb.com/bfs/archive/1b7a2de59ced8e2282fe96ec1586a9fa12565e89.jpg,1593017,9686,3449,35509,79410,41252
433351,EdmundDZhang,23937509,【老E】孤独一人直面5年前自己最害怕的游戏 然而......,1527301817,15:27,//i1.hdslb.com/bfs/archive/61774e86c709fefffdf07b1dab133d1ae2fcbbc9.jpg,1314329,11431,3553,18841,44994,11624
250858633,华农兄弟,42516994,华农兄弟：去兄弟家抓竹鼠，有一只超凶，费了好大的功夫才抓出来,1549258228,03:54,//i2.hdslb.com/bfs/archive/0e86e42c389f1e8389586fd98bd8970ee92f6135.jpg,1121554,7629,3366,41474,14518,2691
4162287,渗透之C君,1245343,吓！裂！肾！大片级实况【死魂曲: 新解】P3补上神曲【第6-7章+Friend】,1404191146,98:04,//i0.hdslb.com/bfs/archive/6a4124c1b9e71676684a20d65137bf22e53ee57d.jpg,286779,21757,696,336,2867,1283
927587,木鱼水心,24674804,【木鱼微剧场】《旺角卡门》不一样的黑帮电影，王家卫导演处女作,1528650289,20:51,//i1.hdslb.com/bfs/archive/a7c679d484edd5f4f8d5d82b4b3912ae16bbf91a.jpg,915851,5368,1994,13261,14751,4291
43536,黑桐谷歌,2080912,黑桐谷歌【神秘海域3德雷克的谎言】第七集 惨烈超难视频攻略,1425624817,72:00,//i0.hdslb.com/bfs/archive/c2a1d9e38faca11bbf5c2220b52a984637cf4d91.jpg,138320,7158,564,52,824,409
927587,木鱼水心,15908965,【木鱼微剧场】《射雕英雄传》（P1）风雪夜的惊变与二十年的赌约,1509469541,25:11,//i0.hdslb.com/bfs/archive/9f3e4969deab5b492786ad885403f4a3d783454f.jpg,442987,5542,1857,2299,7610,1966
423895,怕上火暴王老菊,4047012,王老菊教你超级性感,1457430046,42:31,//i2.hdslb.com/bfs/archive/dbf68962bf3e48d7d660793387e932b67e295482.jpg,635817,8770,2378,184,4106,2422
423895,怕上火暴王老菊,2146490,王老菊的血源之旅01：启程~太阳骑士的爆蛋之旅,1427335064,80:00,//i1.hdslb.com/bfs/archive/7966571d46cc75fe42e63a478c44e01f89c4ce10.jpg,1394670,31020,1419,1495,4455,8906
10462362,天天卡牌,17809812,【煮鸡时刻】第27期 娱乐主播翻身记,1514705537,07:59,//i1.hdslb.com/bfs/archive/75e7c9aea984848e3bf99ec16512e9d4b53d34cb.jpg,762869,11465,1975,1783,6749,761
808171,吃素的狮子,18792835,【网络观察室10】不结婚！不买房！暴打美帝野心狼！,1517039353,29:50,//i2.hdslb.com/bfs/archive/5614ffbecbf8dbae24082275ab24f8f517a69184.jpg,484172,15766,4475,17031,52601,17932
927587,木鱼水心,20775331,【木鱼微剧场】《星际争霸2：虚空之遗》（上）En taro Zeratul！,1521039046,20:33,//i0.hdslb.com/bfs/archive/400794590ef757a085dbbe27cd5121c0d53d1ff4.jpg,405451,3911,1425,4531,8661,2885
1643718,山下智博,5046482,【宫爆鸡丁】翻唱《红日》6/7直播回放,1466503035,04:20,//i0.hdslb.com/bfs/archive/dd0c61e8a660d9cbc938a8e430ecb9cc1f2429f3.jpg,408333,6389,3259,237,17128,6297
168598,逍遥散人,393383,[散人]I wanna ?(????)? 实况,1352782354,54:50,//i1.hdslb.com/bfs/archive/b2e0904412b208ed7a540595f66e37e76e397277.jpg,174241,18309,229,244,583,1216
927587,木鱼水心,4522212,【北京遇上西雅图之不二情书】木鱼三分钟影评――在不相信爱的世界中让人相信爱的故事,1462079966,07:04,//i0.hdslb.com/bfs/archive/aa8f2f2a48c03f72acb05565bd6aef82f4733a48.jpg,129472,646,406,71,1477,1133
433351,EdmundDZhang,622763,老E和小伙伴们都摔成狗了！,1372445760,11:01,//i0.hdslb.com/bfs/archive/4ab11eb46ac8df10c4394645f94524e2906a9205.jpg,638446,7546,549,188,946,869
546195,老番茄,3653781,【老番茄】白垩纪菲尔普斯（中）,1453621843,10:29,//i2.hdslb.com/bfs/archive/0ddc1126e14fa65556c36f83a63b5df140c0ad5f.jpg,770002,9765,2292,982,10206,3101
777536,LexBurner,12173338,【Lex】万恶之源！传说中被称作名作之壁的动画！,1500019228,16:33,//i2.hdslb.com/bfs/archive/d4aad237ce5a9df9a8e5fc8e96a78c3272cc67bd.jpg,2214784,43318,16573,4520,72859,62144
808171,吃素的狮子,17482158,两位老年UP回忆童年，雪人兄弟背后的故事到底是什么？,1513861047,11:41,//i0.hdslb.com/bfs/archive/194daae4d42fef70b0bf030dc78331d1171c0363.jpg,239037,1966,1284,3606,3537,1926
1643718,山下智博,5423349,【名侦探柯南】名侦探山下＆Q君的密室推理,1469066083,12:32,//i1.hdslb.com/bfs/archive/a5569af7a5e3d1783c7e8b381948c43b3915746f.jpg,299883,6413,1107,57,1539,845
946974,影视飓风,31670601,能放进口袋的性能怪兽――索尼RX100VI 黑卡6,1536868988,08:00,//i2.hdslb.com/bfs/archive/dbf7e9dfdec36febbfd3d204aad6558b86482616.jpg,103525,831,284,1064,1008,600
927587,木鱼水心,12615787,【木鱼微剧场】《Legal High/胜者即是正义》（P11）动画导演的秘密与世界遗产之争,1501070896,17:46,//i1.hdslb.com/bfs/archive/b6205166530ac8fd39362711b703f2417f8b8aa4.jpg,498497,4368,1556,1093,6135,2517
562197,中国BOY超级大猩猩,3309726,圣诞节购物模拟器2丨黑色星期五买东西都不用付账了？！,1448898191,21:34,//i1.hdslb.com/bfs/archive/994b74d6268d9b0f14887fa9abb6b9fc7ab4753a.jpg,188784,2018,317,420,340,861
585267,纯黑-克劳狄乌斯,835746,纯黑《刺客信条4：黑旗》100%同步视频攻略解说 第五期 中文剧情,1384442622,38:44,//i1.hdslb.com/bfs/archive/806115168f38739fb4f8fbefe20b056cc21cd301.jpg,312216,10865,286,318,794,1463
927587,木鱼水心,35701391,【木鱼微剧场】《超人：钢铁之躯》DC扩展宇宙电影系列,1541856935,23:25,//i2.hdslb.com/bfs/archive/a14df3c6df1f49b6f768b90b06c8219f8054f272.jpg,556119,5229,2257,10284,7964,2749
1643718,山下智博,35046052,鸡脖视频不好玩！成员挑战制作视频！？【绅士一分钟】,1541046325,09:35,//i1.hdslb.com/bfs/archive/15203951aaffe0322fd89b29ff6e6c7c87cf64c2.jpg,139704,2603,632,5425,2288,548
927587,木鱼水心,43581995,【木鱼微剧场】周杰伦导演处女作《不能说的秘密》情人节快乐,1550160431,28:19,//i1.hdslb.com/bfs/archive/fe14309a676b5bfb842c1ff10937ebe22c30d698.jpg,581157,10354,3931,29774,29930,10770
946974,影视飓风,28459265,收音？我为什么选择用录机,1533311612,05:30,//i0.hdslb.com/bfs/archive/d1542ea8f06cc851ae7220f641a3a1bd6449dfe3.jpg,47865,346,202,699,632,501
10462362,天天卡牌,15335519,【逗鱼时刻】第128期 我的奥秘你猜不透,1507824857,13:18,//i2.hdslb.com/bfs/archive/4506510459addb5bb2f16e9ad98da04ca350c302.jpg,1358909,11779,2472,1967,17393,1116
562197,中国BOY超级大猩猩,9551908,Totally Accurate Battle Zombielator(全面僵尸感染)丨我这一年的BUG体质已经被透支了,1491130045,14:36,//i2.hdslb.com/bfs/archive/3b25cd5262b1be0c7c1dbbe849bffaff5440fe46.jpg,675028,11369,2814,1276,5223,2781
562197,中国BOY超级大猩猩,671933,【中国BOY大基佬】跟着一群老外去抢劫,1374900474,17:58,//i1.hdslb.com/bfs/archive/f435f238a8c712084124794a873f510460370920.jpg,13779,172,41,35,42,43
423895,怕上火暴王老菊,2506910,菊嫂带我玩天刀,1435650038,58:37,//i2.hdslb.com/bfs/archive/54aa5018d7bf6d4958326af07230f44998d582c9.jpg,764223,31116,1831,110,817,2015
808171,吃素的狮子,17301936,【网络观察室07】卢本伟无罪！李艺彤有理！,1513398650,34:35,//i1.hdslb.com/bfs/archive/b5705afca9d42f5f437280f337064ee101241f9b.jpg,644681,21885,6319,16929,68088,32847
546195,老番茄,3768448,【老番茄】决战石英高原！赵赵的奇幻之旅！大结局,1454732568,25:54,//i0.hdslb.com/bfs/archive/94d6e099747f85f2fd88f45f77db90f2fbe5d912.jpg,1299492,32627,3838,3960,35664,9081
927587,木鱼水心,16941499,【木鱼说 45】十里桃花是假，送别情谊为真，一段李白和汪伦的故事,1512382457,10:12,//i1.hdslb.com/bfs/archive/061f94bb75caeb5b9dde42250ad94b49e37499d4.jpg,126571,2053,1093,1906,3404,1139
7349,STN工作室,23790032,【STN快报第二季22】你猜还有几年战网会成为COD的启动器？,1526993219,15:21,//i2.hdslb.com/bfs/archive/e820064754f3e3d07e5008fc63a1b95f97fd3152.jpg,495547,5321,2515,4756,16038,2154
562197,中国BOY超级大猩猩,16843196,达芬奇的秘密小屋（The House of DA VINCI）丨可以用这个透视镜来干羞羞的事情吗？,1512135603,26:51,//i1.hdslb.com/bfs/archive/10ba9d88e0b2562bfb517d5972af4fcd30b7d774.jpg,444501,7857,2760,5718,6294,2750
1643718,山下智博,14155878,【中国boy×山下智博】便利店游戏！新规则2V2团队战！结果还是丧心病狂【绅士一分钟】,1504495410,09:59,//i0.hdslb.com/bfs/archive/139eba5d0448114f5fb6529a66924f6db264bc7d.jpg,509906,8534,1762,949,10501,2226
1643718,山下智博,27459939,在BW整蛊众大佬up主？被安排的明明白白！【绅士一分钟】,1532257083,04:22,//i2.hdslb.com/bfs/archive/4bb4af396fd64dc524d72bf9811564b9a7b3798f.jpg,401304,2593,1272,10296,4357,1998
423895,怕上火暴王老菊,1900767,王老菊教你狂搓火球,1421559312,49:35,//i0.hdslb.com/bfs/archive/3694cad7e6de8bace67424f130016871a7b1e2fa.jpg,291723,4343,532,78,398,584
562197,中国BOY超级大猩猩,2900206,索尼克梦工厂丨你的舍友是索尼克！,1442070665,18:52,//i2.hdslb.com/bfs/archive/bedf2c3536b9d87b83d31f712d72778c4447c069.jpg,49583,798,79,74,68,351
168598,逍遥散人,2146531,【散人】直播欢乐瞬间+生活娱乐缩影（15年春）,1427336712,33:58,//i0.hdslb.com/bfs/archive/d2c17a73418b59daef783585f694be493c24618b.jpg,267596,8153,714,108,791,1894
927587,木鱼水心,10240095,【木鱼微剧场】《乱》黑泽明经典，莎士比亚原著改编,1493634780,14:23,//i0.hdslb.com/bfs/archive/23e2b59951cdcb41f657ae006660b505188c0596.jpg,366856,2083,1137,563,3600,2392
10462362,天天卡牌,6406308,守望先锋【午时已到】第12期：瑟瑟发抖的LAOX,1474750651,08:33,//i2.hdslb.com/bfs/archive/aa62611cb2204b8c975f1e780ee33402cd8566ff.jpg,716048,2973,686,18,2669,1310
10462362,天天卡牌,9748562,炉石传说：【天天素材库】 第42期,1491815463,06:55,//i1.hdslb.com/bfs/archive/e71631f5ca9fffefd43eb76a673759066d178300.jpg,683380,2351,1138,34,4071,327
927587,木鱼水心,7946417,【木鱼微剧场】《仁显王后的男人》（Part 2）,1484057443,12:46,//i0.hdslb.com/bfs/archive/853e2b1c40065fe6779893e3deb9faed28299ea6.jpg,170110,1129,619,102,1804,623
2403047,嘟督不噶油,24871344,【嘟督】周郎妙计安天下，小乔见我想改嫁~,1528974040,11:32,//i0.hdslb.com/bfs/archive/7657f3d6f1285536bff621c15f34ba91fe803df6.jpg,330929,2074,488,3071,3240,1089
250858633,华农兄弟,38077067,华农兄弟：看一下出生不久的小竹鼠，顺便看一下小白和西西瓜瓜,1544704566,06:46,//i1.hdslb.com/bfs/archive/1da5d5e159a1110a7c3aa693e0905e325c6678d3.jpg,2153448,14994,4534,53252,27826,5404
423895,怕上火暴王老菊,1720514,【王老菊的黑魂之旅12】珊第神教中出了一个叛徒,1416187176,84:37,//i1.hdslb.com/bfs/archive/0c19d39acbb7c67eb10f2e4177f8f3ac6279c4fa.jpg,160029,4217,195,122,647,919
168598,逍遥散人,213210,[散人]国内第一次I wanna大会游戏作品攻略解说,1328743484,34:52,//i0.hdslb.com/bfs/archive/9ef2aaa9a673e146a1ef8f21deade3f9a465479a.jpg,37235,2136,107,159,157,557
562197,中国BOY超级大猩猩,3096820,NeverMind#3丨混乱的故事,1445477708,31:57,//i2.hdslb.com/bfs/archive/dfb5feef787236574d11d83f5407aa614aef54c0.jpg,15636,892,117,28,79,151
1643718,山下智博,33063204,【绅士一分钟】日本线下版淘宝？留学生必看的蜜汁商店！,1538624751,05:14,//i1.hdslb.com/bfs/archive/8d872c287bb2332c1f11f03fdff278c7c0004344.jpg,221954,2198,612,6710,2544,885
43536,黑桐谷歌,10305600,不是什么高效的办法，但总归是无伤了二周目玛利亚,1493885577,03:02,//i0.hdslb.com/bfs/archive/80263d064b642a5285bc01564d651604265491cc.jpg,186476,499,771,50,1731,195
546195,老番茄,12845082,【老番茄】蝙蝠侠大战老实人！(第三期),1501920052,11:27,//i1.hdslb.com/bfs/archive/b731901420ffb0d5a0c8f05ca50970a9e33c45b0.jpg,1242182,13247,3383,8656,79789,14220
927587,木鱼水心,7258289,【木鱼微剧场】《微能力者》,1480134583,14:59,//i0.hdslb.com/bfs/archive/203b85394cf86e2e726dd1b2c8e89d106daefb14.jpg,317582,2171,1051,420,3597,3018
168598,逍遥散人,46629413,【散人】神奇脑洞解谜 baba is you 强力推荐,1552882320,49:32,//i0.hdslb.com/bfs/archive/54015f0c4bc83f8702317a5b8e6e3bea7d74a5d3.jpg,435356,6331,1603,23071,18886,10364
3380239,神奇的老皮,4227238,真人版 FC打鸭子游戏,1459331645,01:58,//i2.hdslb.com/bfs/archive/6649582a227828fcf3ed3af997984b9cd3a874e4.jpg,205740,3506,488,601,3780,1044
927587,木鱼水心,15302657,【木鱼微剧场】《白色巨塔》（P3）白骨累累，堆积成塔,1507724956,15:58,//i2.hdslb.com/bfs/archive/46180908a3376f831f137d8e761bd43f53d4b3a4.jpg,315793,1940,1471,1607,9410,1589
43536,黑桐谷歌,229612,特辑 下 黑桐谷歌【心灵杀手】作家,1331568046,61:00,//i1.hdslb.com/bfs/archive/eed59a5050cb59e8b562b5d43fdf5adad3db828a.jpg,9832,1311,30,9,25,59
1643718,山下智博,4489387,【绅士大概一分钟】④吃奶的力气都使出来了,1461806830,04:07,//i2.hdslb.com/bfs/archive/d38d42a98392907f80d7209ce22b73c6ef3b1150.jpg,329412,5868,889,92,2016,726
122879,敖厂长,327914,厂长竟关键时刻卖队友!,1344178865,06:37,//i2.hdslb.com/bfs/archive/c9b45729741f57fe8d655b90dd6c591c267d57cc.jpg,514704,6525,377,173,319,322
777536,LexBurner,27558231,【Lex】老蕾头带你降妖除魔，在妖神记中的开挂人生,1532350802,16:50,//i2.hdslb.com/bfs/archive/8788c7b560b0b64ff84442eb6e6dc691b5ebdc3c.jpg,695827,8051,3961,14961,5335,1448
122879,敖厂长,22675881,【敖厂长】九旬老太为何暴毙家中,1524897394,10:03,//i0.hdslb.com/bfs/archive/d3e987ebf0cb8cd1309f5fc7c44efc1a1cc6e479.png,2334710,24418,7721,32472,112992,11070
122879,敖厂长,6209709,【敖厂长】斯大林请冷静！,1473396498,22:52,//i2.hdslb.com/bfs/archive/4d9cab65b3db3b197608832eba8aa2305f21c860.jpg,2984047,45018,5703,6777,47316,17766
10462362,天天卡牌,13353022,炉石传说：【天天素材库】 第59期,1502702429,08:20,//i2.hdslb.com/bfs/archive/30b2263747b8fe9d0079c6d36b9ba9c3ae69c4d7.jpg,927740,4947,1810,342,4836,569
946974,影视飓风,11714634,短片大赛与桃子,1498685316,14:48,//i1.hdslb.com/bfs/archive/901c50ad9cc539bea66a683501626d6c2cbbef57.jpg,19495,461,138,30,284,53
4162287,渗透之C君,8208517,【C菌】B站X怂被吓飞!【生化危机7】实况【完结+DLC】已更新DLC佐伊的结局 (12月20日),1485318211,529:42,//i1.hdslb.com/bfs/archive/08e7bc241dc53a3733dc4acaa25b471d7cee1cd8.jpg,7162843,371175,18834,19283,129671,92977
562197,中国BOY超级大猩猩,3277001,混合液体大挑战 还有'60秒'里面的罐头,1448389479,14:43,//i0.hdslb.com/bfs/archive/f40614e8a1a416286199bd209ca50c635116f8be.jpg,135568,4640,349,329,3221,920
808171,吃素的狮子,12976189,【桌游星期六04】只有现充才会玩的桌游？！,1501908407,22:36,//i2.hdslb.com/bfs/archive/63a58a27f445494b7667b0ed54e7c5faf30566c3.jpg,157306,3813,2525,584,5317,2947
32786875,信誓蛋蛋,15171609,拉斯维加斯的另一面,1507372213,04:16,//i1.hdslb.com/bfs/archive/2c933290fbb7ebc7eceebffa8b503d317834b6f5.jpg,102005,638,383,2093,1810,359
927587,木鱼水心,1048851,【木鱼动画教室@第31期】GEM是如何被黑的？剪辑手法如何影响你的情绪？,1396800816,34:45,//i1.hdslb.com/bfs/archive/d8307bddc1444729eec1d4cd438b33f506b6a2db.jpg,538154,31874,1930,395,8060,3867
10462362,天天卡牌,12173759,【逗鱼时刻】第116期 炉石传说真尼玛好玩,1499964702,13:46,//i1.hdslb.com/bfs/archive/751745213f01c84bc848fc013307fc7eff1ef480.jpg,1436845,18553,3518,527,13333,3331
32786875,信誓蛋蛋,20250674,法国人吐槽哈根达斯，为啥在中国要这么贵？,1519983035,11:13,//i1.hdslb.com/bfs/archive/80090e16e693600ec30a7dfe189a4fd48f033fb2.jpg,810394,11621,5024,12637,7820,2852
250858633,华农兄弟,42271628,华农兄弟：过年了，竹鼠也有过年必做的10件事情,1548993640,00:40,//i2.hdslb.com/bfs/archive/cda8b0cc03e2bb35e3cc24d4f0c1435328926887.jpg,444462,546,1013,9256,2988,933
562197,中国BOY超级大猩猩,2654499,上海VLOG,1438264869,09:13,//i0.hdslb.com/bfs/archive/b3d36105fca4723b9b1992681a9ae7fe7149076f.jpg,75869,1838,209,179,255,712
562197,中国BOY超级大猩猩,23298158,恐怖ASMR！丨Scp Operation Descent(SCP-087重制版）,1526044827,14:49,//i2.hdslb.com/bfs/archive/5bf9f7585aab7be87b87c3b3bc8645ffd2916362.jpg,598173,11117,2593,10622,9480,3586
808171,吃素的狮子,11911608,新节目！！娇柔可爱易推倒的…男孩子？【梗百科01】,1499248046,07:03,//i1.hdslb.com/bfs/archive/3f08631690202d757f4cd548f006151fd84054c6.jpg,721373,11682,5105,1809,22059,17576
122879,敖厂长,2261295,【敖厂长+黑桐谷歌】突袭游艇,1430058941,15:49,//i1.hdslb.com/bfs/archive/31a3de56b1b028e8cfd60bb0f7b8d6652ddc6c36.jpg,779597,10107,1793,219,737,1322
423895,怕上火暴王老菊,11370914,【王老菊】肉鸽之魂，神奇的天路~10,1497605396,62:32,//i1.hdslb.com/bfs/archive/01c7b8abe1f1b8107006108d11e24724a54aae60.jpg,639746,16669,3705,968,28888,11529
7349,STN工作室,30245084,【STN选题会第二季01】凑齐了7个编剧！选题会复活！,1535149030,29:36,//i2.hdslb.com/bfs/archive/f85b1e3c54934779b08aa8a2b9e92e197ba924bb.jpg,256125,4218,1213,5480,6352,1518
1643718,山下智博,23920761,买了几十公斤的超轻粘土能不能做成一个1：1的哆啦A梦？！【绅士一分钟】,1527264003,05:21,//i1.hdslb.com/bfs/archive/e94be984d7256284f610d3ce5614562f60d5a6ab.jpg,227875,2501,1129,5492,5543,974
423895,怕上火暴王老菊,1589518,王老菊教你飞檐走壁,1412427880,45:27,//i0.hdslb.com/bfs/archive/c6dc1198769b9c013c2b5cc9313f38d05e6f59e9.jpg,167687,2162,265,51,203,252
927587,木鱼水心,13091280,【木鱼微剧场】《新女性》阮玲玉作品,1502145075,16:57,//i2.hdslb.com/bfs/archive/68cec767d68e8f3b7bcfd6740a242c520e416a8f.jpg,213724,1906,2204,404,3982,1492
423895,怕上火暴王老菊,1753346,【王老菊的黑魂之旅15】大棒向不死人头上砸去,1417148795,71:23,//i1.hdslb.com/bfs/archive/751f12e21d5dbaf1e4243ced703fecbd2deb8700.jpg,145599,3309,158,125,486,900
8047632,哔哩哔哩弹幕网,1966343,哔哩哔哩 2015 拜年祭 宣传片,1423216887,00:45,//i1.hdslb.com/bfs/archive/5e4c7fe0b568910ab7f31834dace813c23311cf7.jpg,2539399,51265,6027,57,81227,24451
43536,黑桐谷歌,246041,黑桐谷歌出品【多玩】游戏有没有！vol.92,1334137835,12:50,//i0.hdslb.com/bfs/archive/1aac3ff72b20d160a3c7b39e2284ecf5ab7b5a32.jpg,6461,341,40,4,13,6
423895,怕上火暴王老菊,7225714,王老菊教你密室逃脱（全五章完结）,1479909545,126:53,//i0.hdslb.com/bfs/archive/5a8d4ac01b530630497a66c2d6a1d66ac6ef6d6a.jpg,768798,13335,2372,383,10143,4547
1643718,山下智博,14631360,【你好番茄】论毛利兰的日式铁刘海究竟是如何炼成的！？【绅士一分钟】,1505890629,04:29,//i2.hdslb.com/bfs/archive/91921aa53912da574ff4c40c007da883dd77bd85.png,289134,2288,1445,1532,6624,887
43536,黑桐谷歌,573736,黑桐谷歌【死一路实况】星期一 2013-05-20,1369057308,63:20,//i0.hdslb.com/bfs/archive/731c9a92c05ad3f1327f67f93a948c0801045f5d.jpg,22816,1850,33,6,23,25
1643718,山下智博,40780623,日本高中成绩单是怎么样的？偏差值是什么概念？【绅士一分钟】,1547524476,03:53,//i1.hdslb.com/bfs/archive/229c688d2951c4207580dc7d3dd04202168a0571.jpg,316274,2107,1214,11864,4712,1902
3380239,神奇的老皮,26214582,【高能慎入!】奥特曼竟参加创造101?,1530842449,01:49,//i0.hdslb.com/bfs/archive/b5cc7f5b0d90766c0c1f1740479115d3b0bf7e1f.jpg,249510,633,700,6747,5538,1618
808171,吃素的狮子,3211545,【众UP主联合出演】天下第一下午茶大会,1447344005,09:10,//i2.hdslb.com/bfs/archive/58eae8840a22c752b359921f199795923b94b67f.jpg,361504,13907,1868,216,2989,6454
946974,影视飓风,7045442,Premiere小技巧：秘传技,1478816766,09:16,//i0.hdslb.com/bfs/archive/1627bb765d1d3a166e617243e3a060a666b4e276.jpg,49571,415,97,429,1968,5180
562197,中国BOY超级大猩猩,11452807,装甲战争丨相爱相杀,1497861249,19:47,//i0.hdslb.com/bfs/archive/856c9768794b76eab87bb69aed5929ea83a3b082.jpg,289489,4185,1642,117,1743,506
927587,木鱼水心,22610039,【木鱼微剧场】《迁徙的鸟》对前进着生命的影像赞歌，雅克贝汉作品,1524749688,18:47,//i2.hdslb.com/bfs/archive/07a7ff17e8c695d38cb30a39cc5b18281060eadd.jpg,228662,2715,1051,8259,16707,3884
927587,木鱼水心,14795219,【木鱼微剧场】《雷神》漫威电影系列,1506344498,14:10,//i1.hdslb.com/bfs/archive/82784f8b9d9ef57d29856deff8152be95ab0f77b.jpg,542862,3383,1147,1740,5210,2269
1532165,papi酱,5013881, papi酱不定期更新的日常――第二弹,1466248943,01:53,//i1.hdslb.com/bfs/archive/1bdbf5a133ff7158da12448bd0401c26befc0abc.jpg,1081682,5552,1825,706,4149,2501
927587,木鱼水心,7553350,【木鱼微剧场】《薛定谔的猫》,1481886972,12:59,//i2.hdslb.com/bfs/archive/581c4e01f32caa9fb78f903416efbda4e0766cea.jpg,656848,2977,1450,934,3909,3274
10462362,天天卡牌,29835504,炉石传说：【天天素材库】 第109期,1534746143,08:35,//i2.hdslb.com/bfs/archive/b1a7afc7d518e30b08b3425750a9d8b464b4c9fa.jpg,1106352,5068,1469,5875,7638,1060
43536,黑桐谷歌,3129624,【巫师/猎魔人/狩魔猎人3】黑桐谷歌视频攻略 35,1446000403,70:00,//i1.hdslb.com/bfs/archive/e20aae9fa742339239a68dab77ba06f226f0f5f4.jpg,94952,4470,351,67,803,304
423895,怕上火暴王老菊,5701992,王老菊带你石油大亨,1470583289,41:45,//i0.hdslb.com/bfs/archive/4d69e54f78e6faa44f993dcf5b7b00fc5a014417.jpg,864396,14776,3952,481,9162,2865
235555226,哔哩哔哩UP主执事,25690312,这些小技巧让你的拍摄事半功倍,1530104416,03:39,//i2.hdslb.com/bfs/archive/f7c5c147909a195f3c6bfe70f6c84c57a3341676.jpg,32395,240,292,706,244,1341
8047632,哔哩哔哩弹幕网,2982253,【2233娘来啦！】原型师kiking做客哔哩哔哩,1443664807,14:02,//i2.hdslb.com/bfs/archive/4976dbf149ca0a2335334d8329630e30f927099f.jpg,897298,6256,1071,74,521,3307
423895,怕上火暴王老菊,7422259,王老菊带你对话人工智能03（完）,1481097512,77:58,//i0.hdslb.com/bfs/archive/bb18a70ff1b9e016f15ae031e33cf4ece424ef9b.png,216519,7488,2114,149,7950,1028
1532165,papi酱,5488913,papi酱的周一放送――有些人是真不会聊天,1469442657,05:20,//i1.hdslb.com/bfs/archive/da244ad2aece554cc4caf5637de95b60d7a9bd37.jpg,2721396,40463,14554,10293,28315,22150
927587,木鱼水心,39830300,【木鱼微剧场】《海洋之歌》提名奥斯卡的动画电影，一个关于爱与失去的童话故事,1546518032,29:02,//i0.hdslb.com/bfs/archive/d4f8074101e974e84e84e249afe0bf7a5bc5d5ff.jpg,287477,2004,935,11834,8614,4093
1643718,山下智博,3015019,【绅士大概一分钟】【周二】登上热门话题的反串表演,1444088038,03:31,//i2.hdslb.com/bfs/archive/19e05d4f491dae9da99f3eae3ccfc72fe62cc2a8.jpg,256237,8729,1023,9,261,324
927587,木鱼水心,11567607,【木鱼微剧场】《CLANNAD》（团子大家族）P2星形的心意与回忆的庭院,1498228605,17:38,//i1.hdslb.com/bfs/archive/6437b9fcd7b2a81c890ae2a445fd8cf1f3f96b68.jpg,178756,2171,1421,289,5281,2579
562197,中国BOY超级大猩猩,18219102,偷偷的在室友的外卖里加点料,1515731045,08:31,//i1.hdslb.com/bfs/archive/d7bf16ac6df79db2bab4ed4ab8a3946fff6e62b3.jpg,1512039,12335,3729,15644,14585,6294
562197,中国BOY超级大猩猩,803140, 中国BOY又被吓尿,1382231981,13:31,//i0.hdslb.com/bfs/archive/533dcf5ca3c9b17afa747340e0d429cabfbf0c4b.jpg,24264,197,88,109,42,93
1643718,山下智博,1573200,【绅士旅游】山下讲中二时的失恋,1412072044,09:27,//i0.hdslb.com/bfs/archive/a714fefada0db737c147e59a0544c29d5bc84094.jpg,63449,1219,126,39,160,178
4162287,渗透之C君,7061793,【C菌】你完全猜不到的结局!【最恐怖游戏合集 第35期】,1478922317,20:28,//i1.hdslb.com/bfs/archive/8badedc1c398bdf8d2f37f9775172320373c2736.jpg,867813,49539,5211,808,26612,6098
1643718,山下智博,23543853,测试中国美术学生的画画能力！20年后的山下是怎么样的呢？【绅士一分钟】,1526533895,05:31,//i2.hdslb.com/bfs/archive/4756c612f2b88af7e2cb43fd74b6d75322a01f8a.jpg,233577,2121,665,4110,2296,1158
168598,逍遥散人,29229301,【散人】金牌红娘 在线结亲【大结局+两番外】,1534133356,98:17,//i0.hdslb.com/bfs/archive/a89d60123b25fc3b3074927ccaa9ce1231db3965.jpg,311394,29424,3263,20219,26521,19915
250858633,华农兄弟,30998676,华农兄弟：兄弟俩上山摘野生杨梅，爬树上一摇，掉的一地都是,1535936226,04:05,//i1.hdslb.com/bfs/archive/cb7a21485bfeb80e70f94cccb5dd5046947ec140.jpg,796618,4901,1286,9781,4340,875
168598,逍遥散人,1212765,[散人] I wanna festival(2P完结) 坑物聚会,1403163615,47:52,//i0.hdslb.com/bfs/archive/966be5ad129558a646dafaad1df20a7aa7d9daed.jpg,473479,24360,599,474,1276,2114
168598,逍遥散人,147798,坑爹游戏I wanna be the magnanimity Part5,1316738633,25:30,//i1.hdslb.com/bfs/archive/ec7b83d42476666afb7a5ea47631d5e3127cd87a.png,60503,3568,156,340,383,858
1643718,山下智博,12288495,【便利店#6】没想到拂H坊才是下手最狠的那一个！不吃完不回家的大胃王游戏！【绅士一分钟】,1500280095,13:45,//i0.hdslb.com/bfs/archive/0998ea7ac2bc1d58db562af0a92308294a8a60d5.jpg,626009,20551,3393,582,28772,2637
1643718,山下智博,2769278,【绅士大概一分钟】七夕羞耻play,1440038496,05:28,//i0.hdslb.com/bfs/archive/2255671760de9505cdea8b1e16558f5b7dfc50eb.jpg,436447,20756,1310,26,1954,586
433351,EdmundDZhang,1425728,【老E】史上最神经病的以撒实况,1408211654,41:35,//i1.hdslb.com/bfs/archive/d0eec04195c4323e5569229a85930ae2ac27c06c.jpg,844425,20760,1120,474,2198,2044
927587,木鱼水心,10076623,【木鱼微剧场】《上帝之城》暴力的循环,1493049496,15:04,//i1.hdslb.com/bfs/archive/a5db4863c525e53f3de8b5bd77e9e9cdad10e7e3.jpg,522742,1699,1084,683,4718,2674
946974,影视飓风,4669727,小技巧：速度计与瞄准器的制作,1463334887,15:57,//i1.hdslb.com/bfs/archive/b07005721347f8f615ff91d5a98e05ecf683de0c.jpg,3668,18,5,21,48,245
43536,黑桐谷歌,1163593,黑桐谷歌版汉化【海岛大亨5】02特殊关系,1401611336,32:17,//i0.hdslb.com/bfs/archive/84cc782d35166f39aee3af3be0fa9f2c8f603754.jpg,220145,4535,626,42,748,259
585267,纯黑-克劳狄乌斯,20217964,纯黑《生化危机7》DLC佐伊的结局 上,1519885446,40:01,//i0.hdslb.com/bfs/archive/bc60c0556b787f42635d29a2aeeb1daaf6ad804d.jpg,506314,10942,1948,7154,8955,3116
562197,中国BOY超级大猩猩,6897970,这可能是我拍的最智障的视频了,1477847480,13:40,//i0.hdslb.com/bfs/archive/e3ee34552236a98c9d4339f77f6775215d7d763d.jpg,783895,19817,2940,3707,20311,6117
235555226,哔哩哔哩UP主执事,26706123,UP主学园交流日-北京站，one day in 北京,1531396126,03:15,//i1.hdslb.com/bfs/archive/c3f87b59ddc37a3386ab1efb2513cf7fb616d8eb.jpg,46155,499,342,1084,261,254
10462362,天天卡牌,22167564,炉石传说：【天天素材库】 第91期,1523854214,07:06,//i0.hdslb.com/bfs/archive/c24352517452753164e4b622e98960ccdb617138.jpg,1066412,3654,1720,3338,9346,1271
122879,敖厂长,2998642,【敖厂长+陆夫人+乌鸦】品尝岛国饮料,1443870106,21:49,//i2.hdslb.com/bfs/archive/c8c3cefcc45232b34242edcc9f8c4f97fa476e13.jpg,1557741,54703,5104,1038,10362,7339
777536,LexBurner,5898555,听说《死神》完结了，那就让我们一起吐槽它吧,1471588483,12:08,//i2.hdslb.com/bfs/archive/eb85b7660f3e452de26cb383a6cdce30a443598c.jpg,3137970,37622,18566,6492,44192,28930
2403047,嘟督不噶油,26018031,【嘟督】你以为请了一群日本大牌CV我就会玩这个游戏吗？真香！,1530867634,10:05,//i0.hdslb.com/bfs/archive/b8644e258ee649d0a777a4d49b5122d866c04b7d.jpg,537716,5015,1069,9025,6154,2522
7349,STN工作室,41944037,【屎O说】你要的是哪把神器呢？,1549252856,07:50,//i0.hdslb.com/bfs/archive/99ebd1dc2a4c3cf2b6567b79df41938724cd7489.jpg,224454,1860,1056,7107,5509,2204
7349,STN工作室,40813323,【STN剧场 第八期】当我们赶到现场的时候，只剩这台照相机了,1547551729,12:39,//i2.hdslb.com/bfs/archive/fa801d3214d81cacc8df09ab6ba4b7c5e35ddb62.jpg,121370,2168,656,6274,6200,2050
7487399,努力的Lorre,34095968,钢铁侠剧透之作，漫威13年前就把《复联3》安排上了,1539864431,06:11,//i0.hdslb.com/bfs/archive/615d941668c9eeb53b1553284ca2f3d976e86dcb.jpg,561268,714,642,12590,11272,2755
2403047,嘟督不噶油,15565188,【嘟督】你看我的床它又大又软！就像你的脸它又鼓又圆！,1508501978,09:37,//i2.hdslb.com/bfs/archive/a33cf49f2e4378f0d23010caaebddf47b0ffe9a4.jpg,401839,8803,1696,3879,9913,2130
562197,中国BOY超级大猩猩,3883346,卡车跑酷丨就不能好好走路吗！在卡车上跳来跳去的！,1455812165,13:46,//i2.hdslb.com/bfs/archive/3748c456d1d7e9f32c1f73404f9a01a5c1f75e7c.jpg,129027,3461,530,262,908,934
562197,中国BOY超级大猩猩,4342063,Super Truck#2丨通关后表现出大猩猩的本性？,1460383703,11:24,//i0.hdslb.com/bfs/archive/738d99ef8a48d7705794891aa3619739cc75ea32.jpg,112765,3167,975,97,1290,541
562197,中国BOY超级大猩猩,2785605,索尼克梦工厂丨拍出属于你自己的电影！,1440248541,10:24,//i1.hdslb.com/bfs/archive/4384113e3fee729cd55cbaad54d308e5468acf65.jpg,31772,666,158,43,64,193
927587,木鱼水心,19152980,【木鱼说 56】“事后诸葛亮，事前zhu一样”的原理是什么？,1517765609,09:03,//i0.hdslb.com/bfs/archive/8c69b1727088005db1913e26f8333fa6063177a8.jpg,193190,943,1164,2891,4067,1281
122879,敖厂长,7438593,【敖厂长】2016年最禽兽游戏,1481198098,07:49,//i1.hdslb.com/bfs/archive/a84b8df1aef5c3029de9760361819583ff0f7ede.jpg,4298955,30498,6974,9437,70256,13582
43536,黑桐谷歌,16777329,黑桐谷歌【超级马力奥 奥德赛】视频攻略 06 都市国,1511950395,174:38,//i2.hdslb.com/bfs/archive/8cdec07049ad1c2783a3df47f0514c72298ae709.jpg,189682,4527,379,1462,5787,1260
423895,怕上火暴王老菊,2294103,王老菊的血源之旅12：被瞪到怀孕,1430843945,72:00,//i2.hdslb.com/bfs/archive/568ac3bf323356d2bfc53624ae0960a215335c61.jpg,445951,12243,1043,233,1434,1682
10462362,天天卡牌,8700402,守望先锋【午时已到】第25期：牛仔很忙，路霸很强,1487449576,09:40,//i1.hdslb.com/bfs/archive/85aa3c4af7eff020952166299dea32c7afba97c5.jpg,544684,2589,1401,18,2814,678
777536,LexBurner,7733505,Lex带你看标题党名作《魔法少女小圆》,1482901972,11:50,//i1.hdslb.com/bfs/archive/6dc3af0834ac6e43139f82c51c02564d77b01eec.jpg,2040400,33239,9769,6851,27631,16558
1643718,山下智博,7094551,【绅士大概一分钟】人夫三河居然带着H奶写真女星涉谷由里回家了！作为室友的33感到了深深的背叛！,1479096176,04:38,//i2.hdslb.com/bfs/archive/e7fcd0ce9c2532e56f641952352efbf5e6173754.jpg,478077,5387,1149,240,4903,2482
562197,中国BOY超级大猩猩,1950049,【中国BOY】奇异人生试玩丨我是时空操控者,1422844348,35:31,//i0.hdslb.com/bfs/archive/216036b01c553a2b6cd996a4ee901a3be7f6aaab.jpg