mid,author,aid,title,created,length,pic,duration,tid,tname,view,danmaku,reply,like,coin,favorite,tag_id,tag_name,use,atten
208259,陈睿,21322566,bilibili上市宣传视频,1522205992,02:35,//i1.hdslb.com/bfs/archive/37f383ac35d386af1fc578108ad643e5952ff66a.jpg,155,124,趣味科普人文,1371022,43606,16165,45797,71691,34413,114859,B站,11235,1173
208259,陈睿,21322566,bilibili上市宣传视频,1522205992,02:35,//i1.hdslb.com/bfs/archive/37f383ac35d386af1fc578108ad643e5952ff66a.jpg,155,124,趣味科普人文,1371022,43606,16165,45797,71691,34413,2497217,bilibili,9788,1107
208259,陈睿,21322566,bilibili上市宣传视频,1522205992,02:35,//i1.hdslb.com/bfs/archive/37f383ac35d386af1fc578108ad643e5952ff66a.jpg,155,124,趣味科普人文,1371022,43606,16165,45797,71691,34413,278272,上市,709,29
208259,陈睿,21322566,bilibili上市宣传视频,1522205992,02:35,//i1.hdslb.com/bfs/archive/37f383ac35d386af1fc578108ad643e5952ff66a.jpg,155,124,趣味科普人文,1371022,43606,16165,45797,71691,34413,8312,宣传片,37118,1170
208259,陈睿,14692212,说说你在B站的故事,1506077168,05:05,//i1.hdslb.com/bfs/archive/49dc617c460435c892fca81049e4bd0c7c22667c.jpg,305,21,日常,518951,9370,6340,6246,13698,11962,114859,B站,11235,1173
208259,陈睿,14692212,说说你在B站的故事,1506077168,05:05,//i1.hdslb.com/bfs/archive/49dc617c460435c892fca81049e4bd0c7c22667c.jpg,305,21,日常,518951,9370,6340,6246,13698,11962,2848,日常,3576418,385317
433351,EdmundDZhang,43005072,【老E】守望先锋+吃鸡？！三个人消灭了整局游戏里的一半玩家！,1549678153,18:34,//i2.hdslb.com/bfs/archive/bb40800a00d19c49cca3bf347b5faa2fc3583a08.jpg,1114,17,单机游戏,769240,4735,2834,27565,25041,9976,17683,单机游戏,1236667,456648
433351,EdmundDZhang,43005072,【老E】守望先锋+吃鸡？！三个人消灭了整局游戏里的一半玩家！,1549678153,18:34,//i2.hdslb.com/bfs/archive/bb40800a00d19c49cca3bf347b5faa2fc3583a08.jpg,1114,17,单机游戏,769240,4735,2834,27565,25041,9976,636845,APEX,15031,710
433351,EdmundDZhang,43005072,【老E】守望先锋+吃鸡？！三个人消灭了整局游戏里的一半玩家！,1549678153,18:34,//i2.hdslb.com/bfs/archive/bb40800a00d19c49cca3bf347b5faa2fc3583a08.jpg,1114,17,单机游戏,769240,4735,2834,27565,25041,9976,4942,老E,2550,34543
433351,EdmundDZhang,43005072,【老E】守望先锋+吃鸡？！三个人消灭了整局游戏里的一半玩家！,1549678153,18:34,//i2.hdslb.com/bfs/archive/bb40800a00d19c49cca3bf347b5faa2fc3583a08.jpg,1114,17,单机游戏,769240,4735,2834,27565,25041,9976,1214016,单机联机,1446678,10817
433351,EdmundDZhang,2952236,【老E】快看！辣里有只小聋虾！,1443146005,21:01,//i1.hdslb.com/bfs/archive/f7c3d92b7bbbb0c5c3a396407599730c17d6db82.jpg,1261,17,单机游戏,855342,8204,1421,201,3101,1743,538902,杠铃般的笑声,171,22
433351,EdmundDZhang,2952236,【老E】快看！辣里有只小聋虾！,1443146005,21:01,//i1.hdslb.com/bfs/archive/f7c3d92b7bbbb0c5c3a396407599730c17d6db82.jpg,1261,17,单机游戏,855342,8204,1421,201,3101,1743,4942,老E,2550,34543
433351,EdmundDZhang,2952236,【老E】快看！辣里有只小聋虾！,1443146005,21:01,//i1.hdslb.com/bfs/archive/f7c3d92b7bbbb0c5c3a396407599730c17d6db82.jpg,1261,17,单机游戏,855342,8204,1421,201,3101,1743,389356,ELISSA,92,506
433351,EdmundDZhang,2952236,【老E】快看！辣里有只小聋虾！,1443146005,21:01,//i1.hdslb.com/bfs/archive/f7c3d92b7bbbb0c5c3a396407599730c17d6db82.jpg,1261,17,单机游戏,855342,8204,1421,201,3101,1743,3020063,这个系列已经die,1,0
433351,EdmundDZhang,2952236,【老E】快看！辣里有只小聋虾！,1443146005,21:01,//i1.hdslb.com/bfs/archive/f7c3d92b7bbbb0c5c3a396407599730c17d6db82.jpg,1261,17,单机游戏,855342,8204,1421,201,3101,1743,6603,求生之路2,36996,5920
433351,EdmundDZhang,2952236,【老E】快看！辣里有只小聋虾！,1443146005,21:01,//i1.hdslb.com/bfs/archive/f7c3d92b7bbbb0c5c3a396407599730c17d6db82.jpg,1261,17,单机游戏,855342,8204,1421,201,3101,1743,920862,高产似那啥,6326,389
433351,EdmundDZhang,2952236,【老E】快看！辣里有只小聋虾！,1443146005,21:01,//i1.hdslb.com/bfs/archive/f7c3d92b7bbbb0c5c3a396407599730c17d6db82.jpg,1261,17,单机游戏,855342,8204,1421,201,3101,1743,1753161,你打,1,0
433351,EdmundDZhang,1413652,(?_?)这是老E做过的更无聊的视频,1407992192,23:52,//i2.hdslb.com/bfs/archive/ff4720729b8d8bea5044ae7d23299b5310756101.jpg,1432,171,电子竞技,564032,9370,774,159,1886,751,263089,游戏集锦,512428,193700
433351,EdmundDZhang,1413652,(?_?)这是老E做过的更无聊的视频,1407992192,23:52,//i2.hdslb.com/bfs/archive/ff4720729b8d8bea5044ae7d23299b5310756101.jpg,1432,171,电子竞技,564032,9370,774,159,1886,751,5297,FPS,123387,2967
433351,EdmundDZhang,1413652,(?_?)这是老E做过的更无聊的视频,1407992192,23:52,//i2.hdslb.com/bfs/archive/ff4720729b8d8bea5044ae7d23299b5310756101.jpg,1432,171,电子竞技,564032,9370,774,159,1886,751,6603,求生之路2,36996,5920
433351,EdmundDZhang,1413652,(?_?)这是老E做过的更无聊的视频,1407992192,23:52,//i2.hdslb.com/bfs/archive/ff4720729b8d8bea5044ae7d23299b5310756101.jpg,1432,171,电子竞技,564032,9370,774,159,1886,751,1509,233,8406,229
433351,EdmundDZhang,1413652,(?_?)这是老E做过的更无聊的视频,1407992192,23:52,//i2.hdslb.com/bfs/archive/ff4720729b8d8bea5044ae7d23299b5310756101.jpg,1432,171,电子竞技,564032,9370,774,159,1886,751,7634,求生之路,24164,2752
433351,EdmundDZhang,1413652,(?_?)这是老E做过的更无聊的视频,1407992192,23:52,//i2.hdslb.com/bfs/archive/ff4720729b8d8bea5044ae7d23299b5310756101.jpg,1432,171,电子竞技,564032,9370,774,159,1886,751,2446,迷之高产,1588,57
433351,EdmundDZhang,1413652,(?_?)这是老E做过的更无聊的视频,1407992192,23:52,//i2.hdslb.com/bfs/archive/ff4720729b8d8bea5044ae7d23299b5310756101.jpg,1432,171,电子竞技,564032,9370,774,159,1886,751,4942,老E,2550,34543
433351,EdmundDZhang,1413652,(?_?)这是老E做过的更无聊的视频,1407992192,23:52,//i2.hdslb.com/bfs/archive/ff4720729b8d8bea5044ae7d23299b5310756101.jpg,1432,171,电子竞技,564032,9370,774,159,1886,751,32936,精神分裂,756,77
433351,EdmundDZhang,1413652,(?_?)这是老E做过的更无聊的视频,1407992192,23:52,//i2.hdslb.com/bfs/archive/ff4720729b8d8bea5044ae7d23299b5310756101.jpg,1432,171,电子竞技,564032,9370,774,159,1886,751,76428,话唠,974,21
433351,EdmundDZhang,1413652,(?_?)这是老E做过的更无聊的视频,1407992192,23:52,//i2.hdslb.com/bfs/archive/ff4720729b8d8bea5044ae7d23299b5310756101.jpg,1432,171,电子竞技,564032,9370,774,159,1886,751,520879,装新手,3,0
433351,EdmundDZhang,1413652,(?_?)这是老E做过的更无聊的视频,1407992192,23:52,//i2.hdslb.com/bfs/archive/ff4720729b8d8bea5044ae7d23299b5310756101.jpg,1432,171,电子竞技,564032,9370,774,159,1886,751,2553756,获得称号：忠实观众,1,0
433351,EdmundDZhang,2481186,【老E】"你想我了没？" "滚!" PART 2,1435208158,30:47,//i0.hdslb.com/bfs/archive/d371f993c8446b765ff1132d0980f3b5f641d8af.jpg,1847,17,单机游戏,744520,15604,957,256,2192,1744,4942,老E,2550,34543
433351,EdmundDZhang,2481186,【老E】"你想我了没？" "滚!" PART 2,1435208158,30:47,//i0.hdslb.com/bfs/archive/d371f993c8446b765ff1132d0980f3b5f641d8af.jpg,1847,17,单机游戏,744520,15604,957,256,2192,1744,523080,泰坦之魂,514,17
433351,EdmundDZhang,2481186,【老E】"你想我了没？" "滚!" PART 2,1435208158,30:47,//i0.hdslb.com/bfs/archive/d371f993c8446b765ff1132d0980f3b5f641d8af.jpg,1847,17,单机游戏,744520,15604,957,256,2192,1744,224949,小E,107,13
433351,EdmundDZhang,2481186,【老E】"你想我了没？" "滚!" PART 2,1435208158,30:47,//i0.hdslb.com/bfs/archive/d371f993c8446b765ff1132d0980f3b5f641d8af.jpg,1847,17,单机游戏,744520,15604,957,256,2192,1744,1084,实况,866569,46688
433351,EdmundDZhang,2481186,【老E】"你想我了没？" "滚!" PART 2,1435208158,30:47,//i0.hdslb.com/bfs/archive/d371f993c8446b765ff1132d0980f3b5f641d8af.jpg,1847,17,单机游戏,744520,15604,957,256,2192,1744,734769,精分现场,2008,385
433351,EdmundDZhang,2481186,【老E】"你想我了没？" "滚!" PART 2,1435208158,30:47,//i0.hdslb.com/bfs/archive/d371f993c8446b765ff1132d0980f3b5f641d8af.jpg,1847,17,单机游戏,744520,15604,957,256,2192,1744,236174,色情男主播,7960,2114
433351,EdmundDZhang,1387548,【老E】老E狗眼不识大帝！,1407450912,08:00,//i2.hdslb.com/bfs/archive/a1fb0a48a1be4ea16deff713f385277a3ec3fdce.jpg,480,17,单机游戏,777537,7186,669,292,1848,1289,263089,游戏集锦,512428,193700
433351,EdmundDZhang,1387548,【老E】老E狗眼不识大帝！,1407450912,08:00,//i2.hdslb.com/bfs/archive/a1fb0a48a1be4ea16deff713f385277a3ec3fdce.jpg,480,17,单机游戏,777537,7186,669,292,1848,1289,1279,泡面番,3471,2626
433351,EdmundDZhang,1387548,【老E】老E狗眼不识大帝！,1407450912,08:00,//i2.hdslb.com/bfs/archive/a1fb0a48a1be4ea16deff713f385277a3ec3fdce.jpg,480,17,单机游戏,777537,7186,669,292,1848,1289,4942,老E,2550,34543
433351,EdmundDZhang,1387548,【老E】老E狗眼不识大帝！,1407450912,08:00,//i2.hdslb.com/bfs/archive/a1fb0a48a1be4ea16deff713f385277a3ec3fdce.jpg,480,17,单机游戏,777537,7186,669,292,1848,1289,3450,GBA,5660,371
433351,EdmundDZhang,1387548,【老E】老E狗眼不识大帝！,1407450912,08:00,//i2.hdslb.com/bfs/archive/a1fb0a48a1be4ea16deff713f385277a3ec3fdce.jpg,480,17,单机游戏,777537,7186,669,292,1848,1289,8463,有生之年系列,4394,1308
433351,EdmundDZhang,1387548,【老E】老E狗眼不识大帝！,1407450912,08:00,//i2.hdslb.com/bfs/archive/a1fb0a48a1be4ea16deff713f385277a3ec3fdce.jpg,480,17,单机游戏,777537,7186,669,292,1848,1289,614915,AD钙奶,288,8
433351,EdmundDZhang,1387548,【老E】老E狗眼不识大帝！,1407450912,08:00,//i2.hdslb.com/bfs/archive/a1fb0a48a1be4ea16deff713f385277a3ec3fdce.jpg,480,17,单机游戏,777537,7186,669,292,1848,1289,379046,老Eの高产,4,0
433351,EdmundDZhang,1387548,【老E】老E狗眼不识大帝！,1407450912,08:00,//i2.hdslb.com/bfs/archive/a1fb0a48a1be4ea16deff713f385277a3ec3fdce.jpg,480,17,单机游戏,777537,7186,669,292,1848,1289,192661,游戏回忆录,35,5
433351,EdmundDZhang,1387548,【老E】老E狗眼不识大帝！,1407450912,08:00,//i2.hdslb.com/bfs/archive/a1fb0a48a1be4ea16deff713f385277a3ec3fdce.jpg,480,17,单机游戏,777537,7186,669,292,1848,1289,112967,雷曼,415,7
433351,EdmundDZhang,1387548,【老E】老E狗眼不识大帝！,1407450912,08:00,//i2.hdslb.com/bfs/archive/a1fb0a48a1be4ea16deff713f385277a3ec3fdce.jpg,480,17,单机游戏,777537,7186,669,292,1848,1289,133990,3DO,87,3
433351,EdmundDZhang,1387548,【老E】老E狗眼不识大帝！,1407450912,08:00,//i2.hdslb.com/bfs/archive/a1fb0a48a1be4ea16deff713f385277a3ec3fdce.jpg,480,17,单机游戏,777537,7186,669,292,1848,1289,782321,伪月番,1,0
433351,EdmundDZhang,1387548,【老E】老E狗眼不识大帝！,1407450912,08:00,//i2.hdslb.com/bfs/archive/a1fb0a48a1be4ea16deff713f385277a3ec3fdce.jpg,480,17,单机游戏,777537,7186,669,292,1848,1289,782260,低产的老E,1,0
433351,EdmundDZhang,6380138,【老E】所以说恐怖游戏什么的最讨厌了(?д?;),1474593061,14:00,//i1.hdslb.com/bfs/archive/b9968fe3b1e32a6bc412eacf56beacbbd2c28908.jpg,840,17,单机游戏,970403,13618,2264,595,12010,4420,4942,老E,2550,34543
433351,EdmundDZhang,6380138,【老E】所以说恐怖游戏什么的最讨厌了(?д?;),1474593061,14:00,//i1.hdslb.com/bfs/archive/b9968fe3b1e32a6bc412eacf56beacbbd2c28908.jpg,840,17,单机游戏,970403,13618,2264,595,12010,4420,2651692,恐惧地狱,1,0
433351,EdmundDZhang,3404351,【老E】变异！蘑菇宁死前流出绿色汁液的大冒险！,1450406177,23:09,//i2.hdslb.com/bfs/archive/ec67b00c97047b84f742576277e16c86369b2196.jpg,1389,17,单机游戏,634896,7132,1172,249,3709,1960,263089,游戏集锦,512428,193700
433351,EdmundDZhang,3404351,【老E】变异！蘑菇宁死前流出绿色汁液的大冒险！,1450406177,23:09,//i2.hdslb.com/bfs/archive/ec67b00c97047b84f742576277e16c86369b2196.jpg,1389,17,单机游戏,634896,7132,1172,249,3709,1960,4942,老E,2550,34543
433351,EdmundDZhang,3404351,【老E】变异！蘑菇宁死前流出绿色汁液的大冒险！,1450406177,23:09,//i2.hdslb.com/bfs/archive/ec67b00c97047b84f742576277e16c86369b2196.jpg,1389,17,单机游戏,634896,7132,1172,249,3709,1960,1441940,蘑菇11,32,1
433351,EdmundDZhang,2738725,【老E】无良UP随便把视频一剪就丢上来系列,1439602634,07:12,//i2.hdslb.com/bfs/archive/bb19b6e8639446211737ad9db6bcfdd961cd4c96.jpg,432,17,单机游戏,946421,8376,2139,192,2355,1790,1195218,老E好短,4,38
433351,EdmundDZhang,2738725,【老E】无良UP随便把视频一剪就丢上来系列,1439602634,07:12,//i2.hdslb.com/bfs/archive/bb19b6e8639446211737ad9db6bcfdd961cd4c96.jpg,432,17,单机游戏,946421,8376,2139,192,2355,1790,17683,单机游戏,1236667,456648
433351,EdmundDZhang,8248432,【老E】拿到枪了。怪物:”妈妈，我想回家......”,1485492381,32:56,//i1.hdslb.com/bfs/archive/ce7664df30c641256d93aa1cf6177bf1f8b12eca.jpg,1976,17,单机游戏,979925,17083,3293,672,20665,3316,4942,老E,2550,34543
433351,EdmundDZhang,8248432,【老E】拿到枪了。怪物:”妈妈，我想回家......”,1485492381,32:56,//i1.hdslb.com/bfs/archive/ce7664df30c641256d93aa1cf6177bf1f8b12eca.jpg,1976,17,单机游戏,979925,17083,3293,672,20665,3316,803,生化危机,35218,6858
433351,EdmundDZhang,8248432,【老E】拿到枪了。怪物:”妈妈，我想回家......”,1485492381,32:56,//i1.hdslb.com/bfs/archive/ce7664df30c641256d93aa1cf6177bf1f8b12eca.jpg,1976,17,单机游戏,979925,17083,3293,672,20665,3316,17683,单机游戏,1236667,456648
433351,EdmundDZhang,8248432,【老E】拿到枪了。怪物:”妈妈，我想回家......”,1485492381,32:56,//i1.hdslb.com/bfs/archive/ce7664df30c641256d93aa1cf6177bf1f8b12eca.jpg,1976,17,单机游戏,979925,17083,3293,672,20665,3316,2525560,EdmundDZhang,138,363
433351,EdmundDZhang,8248432,【老E】拿到枪了。怪物:”妈妈，我想回家......”,1485492381,32:56,//i1.hdslb.com/bfs/archive/ce7664df30c641256d93aa1cf6177bf1f8b12eca.jpg,1976,17,单机游戏,979925,17083,3293,672,20665,3316,75002,生化危机7,8752,9023
433351,EdmundDZhang,32759778,【老E】中国90年代小学生最喜爱的10大电脑游戏！(上),1538359514,07:57,//i0.hdslb.com/bfs/archive/b1cff5fc30ab5598d47ee9bc45a6ec126cad4524.jpg,477,17,单机游戏,1807422,15990,5818,43162,67175,24187,4942,老E,2550,34543
433351,EdmundDZhang,32759778,【老E】中国90年代小学生最喜爱的10大电脑游戏！(上),1538359514,07:57,//i0.hdslb.com/bfs/archive/b1cff5fc30ab5598d47ee9bc45a6ec126cad4524.jpg,477,17,单机游戏,1807422,15990,5818,43162,67175,24187,5424,网吧,1422,260
433351,EdmundDZhang,32759778,【老E】中国90年代小学生最喜爱的10大电脑游戏！(上),1538359514,07:57,//i0.hdslb.com/bfs/archive/b1cff5fc30ab5598d47ee9bc45a6ec126cad4524.jpg,477,17,单机游戏,1807422,15990,5818,43162,67175,24187,40123,90,356,2
433351,EdmundDZhang,4305488,【老E】决战！肉盾皮卡丘VS岩石系会馆！,1460079281,41:14,//i0.hdslb.com/bfs/archive/5eebf80a34bb046e02038331355cc60190d0ef90.jpg,2474,17,单机游戏,635964,15048,1850,304,6605,1958,224,口袋妖怪,57601,14921
433351,EdmundDZhang,4305488,【老E】决战！肉盾皮卡丘VS岩石系会馆！,1460079281,41:14,//i0.hdslb.com/bfs/archive/5eebf80a34bb046e02038331355cc60190d0ef90.jpg,2474,17,单机游戏,635964,15048,1850,304,6605,1958,4942,老E,2550,34543
433351,EdmundDZhang,4305488,【老E】决战！肉盾皮卡丘VS岩石系会馆！,1460079281,41:14,//i0.hdslb.com/bfs/archive/5eebf80a34bb046e02038331355cc60190d0ef90.jpg,2474,17,单机游戏,635964,15048,1850,304,6605,1958,10176,3DS,8867,1335
433351,EdmundDZhang,23287665,【老E】我绝不会把亲儿子丢到马桶里之再修改视频我是狗,1526103938,10:01,//i0.hdslb.com/bfs/archive/b86bd754a2e3220f74d7daf8cdb1f1f21ce2fc63.jpg,601,17,单机游戏,1090261,7060,3306,16968,34994,10442,17683,单机游戏,1236667,456648
433351,EdmundDZhang,23287665,【老E】我绝不会把亲儿子丢到马桶里之再修改视频我是狗,1526103938,10:01,//i0.hdslb.com/bfs/archive/b86bd754a2e3220f74d7daf8cdb1f1f21ce2fc63.jpg,601,17,单机游戏,1090261,7060,3306,16968,34994,10442,4942,老E,2550,34543
433351,EdmundDZhang,23287665,【老E】我绝不会把亲儿子丢到马桶里之再修改视频我是狗,1526103938,10:01,//i0.hdslb.com/bfs/archive/b86bd754a2e3220f74d7daf8cdb1f1f21ce2fc63.jpg,601,17,单机游戏,1090261,7060,3306,16968,34994,10442,6637932,妈妈模拟器,277,122
433351,EdmundDZhang,23287665,【老E】我绝不会把亲儿子丢到马桶里之再修改视频我是狗,1526103938,10:01,//i0.hdslb.com/bfs/archive/b86bd754a2e3220f74d7daf8cdb1f1f21ce2fc63.jpg,601,17,单机游戏,1090261,7060,3306,16968,34994,10442,1214016,单机联机,1446678,10817
433351,EdmundDZhang,4272722,【老E】灵魂冒险！这种游戏中国玩家都不玩！,1459741825,26:52,//i2.hdslb.com/bfs/archive/9ab3d646fd10fd57a8ff7d3cd21fc94afe6ede59.jpg,1612,17,单机游戏,1292994,37179,3048,776,21866,8803,33450,独立游戏,257667,93361
433351,EdmundDZhang,4272722,【老E】灵魂冒险！这种游戏中国玩家都不玩！,1459741825,26:52,//i2.hdslb.com/bfs/archive/9ab3d646fd10fd57a8ff7d3cd21fc94afe6ede59.jpg,1612,17,单机游戏,1292994,37179,3048,776,21866,8803,13715,STEAM,126567,45473
433351,EdmundDZhang,4272722,【老E】灵魂冒险！这种游戏中国玩家都不玩！,1459741825,26:52,//i2.hdslb.com/bfs/archive/9ab3d646fd10fd57a8ff7d3cd21fc94afe6ede59.jpg,1612,17,单机游戏,1292994,37179,3048,776,21866,8803,4942,老E,2550,34543
433351,EdmundDZhang,4272722,【老E】灵魂冒险！这种游戏中国玩家都不玩！,1459741825,26:52,//i2.hdslb.com/bfs/archive/9ab3d646fd10fd57a8ff7d3cd21fc94afe6ede59.jpg,1612,17,单机游戏,1292994,37179,3048,776,21866,8803,1412744,STIGMAT,3,3
433351,EdmundDZhang,25361814,【老E】教你谈恋爱,1529640312,30:34,//i1.hdslb.com/bfs/archive/a386234adb8885ed7b8343df74a3db2ccfd14598.jpg,1834,17,单机游戏,1263082,31901,4997,20973,47123,11059,4942,老E,2550,34543
433351,EdmundDZhang,25361814,【老E】教你谈恋爱,1529640312,30:34,//i1.hdslb.com/bfs/archive/a386234adb8885ed7b8343df74a3db2ccfd14598.jpg,1834,17,单机游戏,1263082,31901,4997,20973,47123,11059,4145,恋爱,81931,30113
433351,EdmundDZhang,8569498,【老E】第一次约会 Part.03,1486883423,35:37,//i2.hdslb.com/bfs/archive/244ed02326d7594386f58db4ec828436ef580cff.jpg,2137,17,单机游戏,694062,16708,4663,967,21034,7572,1368821,UNDERTALE,25973,8923
433351,EdmundDZhang,8569498,【老E】第一次约会 Part.03,1486883423,35:37,//i2.hdslb.com/bfs/archive/244ed02326d7594386f58db4ec828436ef580cff.jpg,2137,17,单机游戏,694062,16708,4663,967,21034,7572,1393143,传说之下,48192,29076
433351,EdmundDZhang,8569498,【老E】第一次约会 Part.03,1486883423,35:37,//i2.hdslb.com/bfs/archive/244ed02326d7594386f58db4ec828436ef580cff.jpg,2137,17,单机游戏,694062,16708,4663,967,21034,7572,17683,单机游戏,1236667,456648
433351,EdmundDZhang,8569498,【老E】第一次约会 Part.03,1486883423,35:37,//i2.hdslb.com/bfs/archive/244ed02326d7594386f58db4ec828436ef580cff.jpg,2137,17,单机游戏,694062,16708,4663,967,21034,7572,201928,UT,8030,369
433351,EdmundDZhang,6014528,【老E】求生之路导演剪辑（标准结局）版,1472177522,73:52,//i0.hdslb.com/bfs/archive/f62e896d6ed1377fa624a5a9718a8051605526c5.jpg,4432,171,电子竞技,1059352,15016,4790,590,11538,5410,276068,神奇陆夫人,2622,29257
433351,EdmundDZhang,6014528,【老E】求生之路导演剪辑（标准结局）版,1472177522,73:52,//i0.hdslb.com/bfs/archive/f62e896d6ed1377fa624a5a9718a8051605526c5.jpg,4432,171,电子竞技,1059352,15016,4790,590,11538,5410,4942,老E,2550,34543
433351,EdmundDZhang,6014528,【老E】求生之路导演剪辑（标准结局）版,1472177522,73:52,//i0.hdslb.com/bfs/archive/f62e896d6ed1377fa624a5a9718a8051605526c5.jpg,4432,171,电子竞技,1059352,15016,4790,590,11538,5410,3977,有生之年,10985,43992
433351,EdmundDZhang,6014528,【老E】求生之路导演剪辑（标准结局）版,1472177522,73:52,//i0.hdslb.com/bfs/archive/f62e896d6ed1377fa624a5a9718a8051605526c5.jpg,4432,171,电子竞技,1059352,15016,4790,590,11538,5410,102896,打僵尸,599,8
433351,EdmundDZhang,6014528,【老E】求生之路导演剪辑（标准结局）版,1472177522,73:52,//i0.hdslb.com/bfs/archive/f62e896d6ed1377fa624a5a9718a8051605526c5.jpg,4432,171,电子竞技,1059352,15016,4790,590,11538,5410,1896,L4D,2042,47
433351,EdmundDZhang,7044215,【老E】有趣的游戏BUG合集07,1478795302,05:53,//i0.hdslb.com/bfs/archive/d2c981041704283413d6759e7b4fc3fb5d20545e.jpg,353,17,单机游戏,1763038,9901,2758,1773,34993,14255,2814445,“观众都忘了这个系列”系列,1,12
433351,EdmundDZhang,7044215,【老E】有趣的游戏BUG合集07,1478795302,05:53,//i0.hdslb.com/bfs/archive/d2c981041704283413d6759e7b4fc3fb5d20545e.jpg,353,17,单机游戏,1763038,9901,2758,1773,34993,14255,228357,灵魂歌手,62247,65532
433351,EdmundDZhang,4424799,【老E】制霸！暗黑不死高中的顶点！,1461203028,36:08,//i1.hdslb.com/bfs/archive/7f992f22383a21e0132ac0db1525985055189573.jpg,2168,17,单机游戏,683335,12964,1528,530,8442,2361,4942,老E,2550,34543
433351,EdmundDZhang,4424799,【老E】制霸！暗黑不死高中的顶点！,1461203028,36:08,//i1.hdslb.com/bfs/archive/7f992f22383a21e0132ac0db1525985055189573.jpg,2168,17,单机游戏,683335,12964,1528,530,8442,2361,1224627,黑暗之魂3,42798,29989
433351,EdmundDZhang,4424799,【老E】制霸！暗黑不死高中的顶点！,1461203028,36:08,//i1.hdslb.com/bfs/archive/7f992f22383a21e0132ac0db1525985055189573.jpg,2168,17,单机游戏,683335,12964,1528,530,8442,2361,42390,黑暗之魂,30003,8254
433351,EdmundDZhang,5452366,【老E】守望先锋！教你如何制裁外挂！,1469236481,29:54,//i2.hdslb.com/bfs/archive/4c139fa94a2b912030fa7fcbce615235601a42e6.jpg,1794,171,电子竞技,1556427,37753,10130,1170,84777,15237,62526,电子竞技,1287129,74732
433351,EdmundDZhang,5452366,【老E】守望先锋！教你如何制裁外挂！,1469236481,29:54,//i2.hdslb.com/bfs/archive/4c139fa94a2b912030fa7fcbce615235601a42e6.jpg,1794,171,电子竞技,1556427,37753,10130,1170,84777,15237,926988,守望先锋,443642,276706
433351,EdmundDZhang,5452366,【老E】守望先锋！教你如何制裁外挂！,1469236481,29:54,//i2.hdslb.com/bfs/archive/4c139fa94a2b912030fa7fcbce615235601a42e6.jpg,1794,171,电子竞技,1556427,37753,10130,1170,84777,15237,1872532,这很正E,1,0
433351,EdmundDZhang,5452366,【老E】守望先锋！教你如何制裁外挂！,1469236481,29:54,//i2.hdslb.com/bfs/archive/4c139fa94a2b912030fa7fcbce615235601a42e6.jpg,1794,171,电子竞技,1556427,37753,10130,1170,84777,15237,4942,老E,2550,34543
433351,EdmundDZhang,11361458,【老E】尬舞使我充满了决心！ Part.07,1497576404,30:56,//i0.hdslb.com/bfs/archive/d24c0572b1be0d89c84b537d6091c79bdf38ebd9.jpg,1856,17,单机游戏,803259,11736,3912,1352,41038,8445,17683,单机游戏,1236667,456648
433351,EdmundDZhang,11361458,【老E】尬舞使我充满了决心！ Part.07,1497576404,30:56,//i0.hdslb.com/bfs/archive/d24c0572b1be0d89c84b537d6091c79bdf38ebd9.jpg,1856,17,单机游戏,803259,11736,3912,1352,41038,8445,1368821,UNDERTALE,25973,8923
433351,EdmundDZhang,11361458,【老E】尬舞使我充满了决心！ Part.07,1497576404,30:56,//i0.hdslb.com/bfs/archive/d24c0572b1be0d89c84b537d6091c79bdf38ebd9.jpg,1856,17,单机游戏,803259,11736,3912,1352,41038,8445,4942,老E,2550,34543
433351,EdmundDZhang,11361458,【老E】尬舞使我充满了决心！ Part.07,1497576404,30:56,//i0.hdslb.com/bfs/archive/d24c0572b1be0d89c84b537d6091c79bdf38ebd9.jpg,1856,17,单机游戏,803259,11736,3912,1352,41038,8445,1393143,传说之下,48192,29076
433351,EdmundDZhang,11361458,【老E】尬舞使我充满了决心！ Part.07,1497576404,30:56,//i0.hdslb.com/bfs/archive/d24c0572b1be0d89c84b537d6091c79bdf38ebd9.jpg,1856,17,单机游戏,803259,11736,3912,1352,41038,8445,201928,UT,8030,369
433351,EdmundDZhang,11361458,【老E】尬舞使我充满了决心！ Part.07,1497576404,30:56,//i0.hdslb.com/bfs/archive/d24c0572b1be0d89c84b537d6091c79bdf38ebd9.jpg,1856,17,单机游戏,803259,11736,3912,1352,41038,8445,1214016,单机联机,1446678,10817
433351,EdmundDZhang,26238386,【老E】在废弃火车站小树丛.AVI,1530842449,23:11,//i1.hdslb.com/bfs/archive/6ae12f608df6b8fc7eea29536df3886ac874305a.jpg,1391,17,单机游戏,1306516,11291,4767,25306,49273,13280,6855108,灵魂筹码,2845,1452
433351,EdmundDZhang,26238386,【老E】在废弃火车站小树丛.AVI,1530842449,23:11,//i1.hdslb.com/bfs/archive/6ae12f608df6b8fc7eea29536df3886ac874305a.jpg,1391,17,单机游戏,1306516,11291,4767,25306,49273,13280,4942,老E,2550,34543
433351,EdmundDZhang,3783197,【老E】这不是解说！猴年特辑！,1454863419,08:51,//i2.hdslb.com/bfs/archive/6d3213d401f29ef5321edd8b812b927ebef803f8.jpg,531,17,单机游戏,1116562,14826,2549,919,15569,4942,19135,这不是解说,119,197
433351,EdmundDZhang,3783197,【老E】这不是解说！猴年特辑！,1454863419,08:51,//i2.hdslb.com/bfs/archive/6d3213d401f29ef5321edd8b812b927ebef803f8.jpg,531,17,单机游戏,1116562,14826,2549,919,15569,4942,4942,老E,2550,34543
433351,EdmundDZhang,3783197,【老E】这不是解说！猴年特辑！,1454863419,08:51,//i2.hdslb.com/bfs/archive/6d3213d401f29ef5321edd8b812b927ebef803f8.jpg,531,17,单机游戏,1116562,14826,2549,919,15569,4942,7544,西游记,27842,2315
433351,EdmundDZhang,3783197,【老E】这不是解说！猴年特辑！,1454863419,08:51,//i2.hdslb.com/bfs/archive/6d3213d401f29ef5321edd8b812b927ebef803f8.jpg,531,17,单机游戏,1116562,14826,2549,919,15569,4942,8463,有生之年系列,4394,1308
433351,EdmundDZhang,3783197,【老E】这不是解说！猴年特辑！,1454863419,08:51,//i2.hdslb.com/bfs/archive/6d3213d401f29ef5321edd8b812b927ebef803f8.jpg,531,17,单机游戏,1116562,14826,2549,919,15569,4942,930,FC,31018,7915
433351,EdmundDZhang,4517985,【老E】进击！毕加索de野种森林！,1462034441,29:40,//i2.hdslb.com/bfs/archive/39267a9c2c3807c249b2e06199a0075319057102.jpg,1780,17,单机游戏,845557,12156,1918,770,28466,3846,42390,黑暗之魂,30003,8254
433351,EdmundDZhang,4517985,【老E】进击！毕加索de野种森林！,1462034441,29:40,//i2.hdslb.com/bfs/archive/39267a9c2c3807c249b2e06199a0075319057102.jpg,1780,17,单机游戏,845557,12156,1918,770,28466,3846,4942,老E,2550,34543
433351,EdmundDZhang,4517985,【老E】进击！毕加索de野种森林！,1462034441,29:40,//i2.hdslb.com/bfs/archive/39267a9c2c3807c249b2e06199a0075319057102.jpg,1780,17,单机游戏,845557,12156,1918,770,28466,3846,663836,灵魂画师,2928,734
433351,EdmundDZhang,11181699,【老E】VS【散人】！心机的对决！,1496974795,43:45,//i1.hdslb.com/bfs/archive/1e84230acecdeb360f12da9d587cf99f4cefbf20.jpg,2625,17,单机游戏,1110288,14338,2986,1875,35877,8290,17683,单机游戏,1236667,456648
433351,EdmundDZhang,11181699,【老E】VS【散人】！心机的对决！,1496974795,43:45,//i1.hdslb.com/bfs/archive/1e84230acecdeb360f12da9d587cf99f4cefbf20.jpg,2625,17,单机游戏,1110288,14338,2986,1875,35877,8290,33450,独立游戏,257667,93361
433351,EdmundDZhang,11181699,【老E】VS【散人】！心机的对决！,1496974795,43:45,//i1.hdslb.com/bfs/archive/1e84230acecdeb360f12da9d587cf99f4cefbf20.jpg,2625,17,单机游戏,1110288,14338,2986,1875,35877,8290,4942,老E,2550,34543
433351,EdmundDZhang,11181699,【老E】VS【散人】！心机的对决！,1496974795,43:45,//i1.hdslb.com/bfs/archive/1e84230acecdeb360f12da9d587cf99f4cefbf20.jpg,2625,17,单机游戏,1110288,14338,2986,1875,35877,8290,25290,散人,1391,1986
433351,EdmundDZhang,11181699,【老E】VS【散人】！心机的对决！,1496974795,43:45,//i1.hdslb.com/bfs/archive/1e84230acecdeb360f12da9d587cf99f4cefbf20.jpg,2625,17,单机游戏,1110288,14338,2986,1875,35877,8290,1214016,单机联机,1446678,10817
433351,EdmundDZhang,1162298,【老E】老玩家的福音 - 被怪物吓得只剩半条命！,1401567338,21:44,//i1.hdslb.com/bfs/archive/43fba0b25b355bcfa1ff78ee9636239a4505f541.jpg,1304,17,单机游戏,805094,11832,960,269,1157,2232,263089,游戏集锦,512428,193700
433351,EdmundDZhang,1162298,【老E】老玩家的福音 - 被怪物吓得只剩半条命！,1401567338,21:44,//i1.hdslb.com/bfs/archive/43fba0b25b355bcfa1ff78ee9636239a4505f541.jpg,1304,17,单机游戏,805094,11832,960,269,1157,2232,11876,尿姑娘,89,711
433351,EdmundDZhang,1162298,【老E】老玩家的福音 - 被怪物吓得只剩半条命！,1401567338,21:44,//i1.hdslb.com/bfs/archive/43fba0b25b355bcfa1ff78ee9636239a4505f541.jpg,1304,17,单机游戏,805094,11832,960,269,1157,2232,190590,EDMUNDDZHANG,46,21
433351,EdmundDZhang,1162298,【老E】老玩家的福音 - 被怪物吓得只剩半条命！,1401567338,21:44,//i1.hdslb.com/bfs/archive/43fba0b25b355bcfa1ff78ee9636239a4505f541.jpg,1304,17,单机游戏,805094,11832,960,269,1157,2232,4942,老E,2550,34543
433351,EdmundDZhang,1162298,【老E】老玩家的福音 - 被怪物吓得只剩半条命！,1401567338,21:44,//i1.hdslb.com/bfs/archive/43fba0b25b355bcfa1ff78ee9636239a4505f541.jpg,1304,17,单机游戏,805094,11832,960,269,1157,2232,1462,半条命,5145,779
433351,EdmundDZhang,1162298,【老E】老玩家的福音 - 被怪物吓得只剩半条命！,1401567338,21:44,//i1.hdslb.com/bfs/archive/43fba0b25b355bcfa1ff78ee9636239a4505f541.jpg,1304,17,单机游戏,805094,11832,960,269,1157,2232,19878,奇葩,322568,92753
433351,EdmundDZhang,1162298,【老E】老玩家的福音 - 被怪物吓得只剩半条命！,1401567338,21:44,//i1.hdslb.com/bfs/archive/43fba0b25b355bcfa1ff78ee9636239a4505f541.jpg,1304,17,单机游戏,805094,11832,960,269,1157,2232,70146,HL,184,1
433351,EdmundDZhang,1162298,【老E】老玩家的福音 - 被怪物吓得只剩半条命！,1401567338,21:44,//i1.hdslb.com/bfs/archive/43fba0b25b355bcfa1ff78ee9636239a4505f541.jpg,1304,17,单机游戏,805094,11832,960,269,1157,2232,14127,怪物,4399,451
433351,EdmundDZhang,1162298,【老E】老玩家的福音 - 被怪物吓得只剩半条命！,1401567338,21:44,//i1.hdslb.com/bfs/archive/43fba0b25b355bcfa1ff78ee9636239a4505f541.jpg,1304,17,单机游戏,805094,11832,960,269,1157,2232,17304,中配,13264,21976
433351,EdmundDZhang,1162298,【老E】老玩家的福音 - 被怪物吓得只剩半条命！,1401567338,21:44,//i1.hdslb.com/bfs/archive/43fba0b25b355bcfa1ff78ee9636239a4505f541.jpg,1304,17,单机游戏,805094,11832,960,269,1157,2232,2853,回忆录,1464,38
433351,EdmundDZhang,1473060,【老E】妈妈！我再也不想见到这个游戏了！,1409183188,22:58,//i1.hdslb.com/bfs/archive/cb0b3c831853c0ae452e5cfc5cfd8900e463a617.jpg,1378,17,单机游戏,1424276,47953,1782,786,4346,3860,263089,游戏集锦,512428,193700
433351,EdmundDZhang,1473060,【老E】妈妈！我再也不想见到这个游戏了！,1409183188,22:58,//i1.hdslb.com/bfs/archive/cb0b3c831853c0ae452e5cfc5cfd8900e463a617.jpg,1378,17,单机游戏,1424276,47953,1782,786,4346,3860,4942,老E,2550,34543
433351,EdmundDZhang,1473060,【老E】妈妈！我再也不想见到这个游戏了！,1409183188,22:58,//i1.hdslb.com/bfs/archive/cb0b3c831853c0ae452e5cfc5cfd8900e463a617.jpg,1378,17,单机游戏,1424276,47953,1782,786,4346,3860,157746,IWANNA,12387,414
433351,EdmundDZhang,1473060,【老E】妈妈！我再也不想见到这个游戏了！,1409183188,22:58,//i1.hdslb.com/bfs/archive/cb0b3c831853c0ae452e5cfc5cfd8900e463a617.jpg,1378,17,单机游戏,1424276,47953,1782,786,4346,3860,105182,I WANNA系列,10634,3342
433351,EdmundDZhang,1473060,【老E】妈妈！我再也不想见到这个游戏了！,1409183188,22:58,//i1.hdslb.com/bfs/archive/cb0b3c831853c0ae452e5cfc5cfd8900e463a617.jpg,1378,17,单机游戏,1424276,47953,1782,786,4346,3860,273847,谜之高产,283,10
433351,EdmundDZhang,1473060,【老E】妈妈！我再也不想见到这个游戏了！,1409183188,22:58,//i1.hdslb.com/bfs/archive/cb0b3c831853c0ae452e5cfc5cfd8900e463a617.jpg,1378,17,单机游戏,1424276,47953,1782,786,4346,3860,5900,高产,7067,212
433351,EdmundDZhang,1473060,【老E】妈妈！我再也不想见到这个游戏了！,1409183188,22:58,//i1.hdslb.com/bfs/archive/cb0b3c831853c0ae452e5cfc5cfd8900e463a617.jpg,1378,17,单机游戏,1424276,47953,1782,786,4346,3860,827765,老M,3,0
433351,EdmundDZhang,1473060,【老E】妈妈！我再也不想见到这个游戏了！,1409183188,22:58,//i1.hdslb.com/bfs/archive/cb0b3c831853c0ae452e5cfc5cfd8900e463a617.jpg,1378,17,单机游戏,1424276,47953,1782,786,4346,3860,827502,越死越能打,2,2
433351,EdmundDZhang,1473060,【老E】妈妈！我再也不想见到这个游戏了！,1409183188,22:58,//i1.hdslb.com/bfs/archive/cb0b3c831853c0ae452e5cfc5cfd8900e463a617.jpg,1378,17,单机游戏,1424276,47953,1782,786,4346,3860,3241,作死,63497,7734
433351,EdmundDZhang,1473060,【老E】妈妈！我再也不想见到这个游戏了！,1409183188,22:58,//i1.hdslb.com/bfs/archive/cb0b3c831853c0ae452e5cfc5cfd8900e463a617.jpg,1378,17,单机游戏,1424276,47953,1782,786,4346,3860,296438,作死向,2579,273
433351,EdmundDZhang,1473060,【老E】妈妈！我再也不想见到这个游戏了！,1409183188,22:58,//i1.hdslb.com/bfs/archive/cb0b3c831853c0ae452e5cfc5cfd8900e463a617.jpg,1378,17,单机游戏,1424276,47953,1782,786,4346,3860,20179,迷の高产,1217,44
433351,EdmundDZhang,1473060,【老E】妈妈！我再也不想见到这个游戏了！,1409183188,22:58,//i1.hdslb.com/bfs/archive/cb0b3c831853c0ae452e5cfc5cfd8900e463a617.jpg,1378,17,单机游戏,1424276,47953,1782,786,4346,3860,2550224,i wanna be the guy,192,4
433351,EdmundDZhang,1412647,(??_?`)老E做过最无聊的一个视频,1407970953,22:35,//i0.hdslb.com/bfs/archive/449e09ded6bc9a5304f8b0744055a568b6ba56f5.jpg,1355,171,电子竞技,355502,9417,613,162,907,576,263089,游戏集锦,512428,193700
433351,EdmundDZhang,1412647,(??_?`)老E做过最无聊的一个视频,1407970953,22:35,//i0.hdslb.com/bfs/archive/449e09ded6bc9a5304f8b0744055a568b6ba56f5.jpg,1355,171,电子竞技,355502,9417,613,162,907,576,6603,求生之路2,36996,5920
433351,EdmundDZhang,1412647,(??_?`)老E做过最无聊的一个视频,1407970953,22:35,//i0.hdslb.com/bfs/archive/449e09ded6bc9a5304f8b0744055a568b6ba56f5.jpg,1355,171,电子竞技,355502,9417,613,162,907,576,32936,精神分裂,756,77
433351,EdmundDZhang,1412647,(??_?`)老E做过最无聊的一个视频,1407970953,22:35,//i0.hdslb.com/bfs/archive/449e09ded6bc9a5304f8b0744055a568b6ba56f5.jpg,1355,171,电子竞技,355502,9417,613,162,907,576,7634,求生之路,24164,2752
433351,EdmundDZhang,1412647,(??_?`)老E做过最无聊的一个视频,1407970953,22:35,//i0.hdslb.com/bfs/archive/449e09ded6bc9a5304f8b0744055a568b6ba56f5.jpg,1355,171,电子竞技,355502,9417,613,162,907,576,5297,FPS,123387,2967
433351,EdmundDZhang,1412647,(??_?`)老E做过最无聊的一个视频,1407970953,22:35,//i0.hdslb.com/bfs/archive/449e09ded6bc9a5304f8b0744055a568b6ba56f5.jpg,1355,171,电子竞技,355502,9417,613,162,907,576,2446,迷之高产,1588,57
433351,EdmundDZhang,1412647,(??_?`)老E做过最无聊的一个视频,1407970953,22:35,//i0.hdslb.com/bfs/archive/449e09ded6bc9a5304f8b0744055a568b6ba56f5.jpg,1355,171,电子竞技,355502,9417,613,162,907,576,4942,老E,2550,34543
433351,EdmundDZhang,1412647,(??_?`)老E做过最无聊的一个视频,1407970953,22:35,//i0.hdslb.com/bfs/archive/449e09ded6bc9a5304f8b0744055a568b6ba56f5.jpg,1355,171,电子竞技,355502,9417,613,162,907,576,66500,话痨,1319,20
433351,EdmundDZhang,1412647,(??_?`)老E做过最无聊的一个视频,1407970953,22:35,//i0.hdslb.com/bfs/archive/449e09ded6bc9a5304f8b0744055a568b6ba56f5.jpg,1355,171,电子竞技,355502,9417,613,162,907,576,796048,老E卖萌系列,1,0
433351,EdmundDZhang,4179465,【老E】快跑！屎里有毒！,1458835597,11:42,//i2.hdslb.com/bfs/archive/44d1774ce844e18e3e477ffa27cd6b1c20fd5a3e.jpg,702,17,单机游戏,737166,7981,2005,431,8791,3070,4942,老E,2550,34543
433351,EdmundDZhang,777267,【老E】操作最鬼畜的奥运会游戏！,1380529374,08:02,//i1.hdslb.com/bfs/archive/d42ee88b5deda2bac06e2129ca4a8248673fc7c0.jpg,482,17,单机游戏,860081,15122,397,497,1220,2387,263089,游戏集锦,512428,193700
433351,EdmundDZhang,777267,【老E】操作最鬼畜的奥运会游戏！,1380529374,08:02,//i1.hdslb.com/bfs/archive/d42ee88b5deda2bac06e2129ca4a8248673fc7c0.jpg,482,17,单机游戏,860081,15122,397,497,1220,2387,464183,游戏太猎奇,21,0
433351,EdmundDZhang,777267,【老E】操作最鬼畜的奥运会游戏！,1380529374,08:02,//i1.hdslb.com/bfs/archive/d42ee88b5deda2bac06e2129ca4a8248673fc7c0.jpg,482,17,单机游戏,860081,15122,397,497,1220,2387,5900,高产,7067,212
433351,EdmundDZhang,777267,【老E】操作最鬼畜的奥运会游戏！,1380529374,08:02,//i1.hdslb.com/bfs/archive/d42ee88b5deda2bac06e2129ca4a8248673fc7c0.jpg,482,17,单机游戏,860081,15122,397,497,1220,2387,201920,游戏蒙太奇,116,60
433351,EdmundDZhang,777267,【老E】操作最鬼畜的奥运会游戏！,1380529374,08:02,//i1.hdslb.com/bfs/archive/d42ee88b5deda2bac06e2129ca4a8248673fc7c0.jpg,482,17,单机游戏,860081,15122,397,497,1220,2387,4942,老E,2550,34543
433351,EdmundDZhang,777267,【老E】操作最鬼畜的奥运会游戏！,1380529374,08:02,//i1.hdslb.com/bfs/archive/d42ee88b5deda2bac06e2129ca4a8248673fc7c0.jpg,482,17,单机游戏,860081,15122,397,497,1220,2387,49741,奥运会,4847,19719
433351,EdmundDZhang,777267,【老E】操作最鬼畜的奥运会游戏！,1380529374,08:02,//i1.hdslb.com/bfs/archive/d42ee88b5deda2bac06e2129ca4a8248673fc7c0.jpg,482,17,单机游戏,860081,15122,397,497,1220,2387,68,鬼畜,224296,787179
433351,EdmundDZhang,777267,【老E】操作最鬼畜的奥运会游戏！,1380529374,08:02,//i1.hdslb.com/bfs/archive/d42ee88b5deda2bac06e2129ca4a8248673fc7c0.jpg,482,17,单机游戏,860081,15122,397,497,1220,2387,464180,弹簧奥运会,3,0
433351,EdmundDZhang,777267,【老E】操作最鬼畜的奥运会游戏！,1380529374,08:02,//i1.hdslb.com/bfs/archive/d42ee88b5deda2bac06e2129ca4a8248673fc7c0.jpg,482,17,单机游戏,860081,15122,397,497,1220,2387,464182,拉弹簧,1,0
433351,EdmundDZhang,777267,【老E】操作最鬼畜的奥运会游戏！,1380529374,08:02,//i1.hdslb.com/bfs/archive/d42ee88b5deda2bac06e2129ca4a8248673fc7c0.jpg,482,17,单机游戏,860081,15122,397,497,1220,2387,218730,猎奇♂,11,0
433351,EdmundDZhang,777267,【老E】操作最鬼畜的奥运会游戏！,1380529374,08:02,//i1.hdslb.com/bfs/archive/d42ee88b5deda2bac06e2129ca4a8248673fc7c0.jpg,482,17,单机游戏,860081,15122,397,497,1220,2387,464181,弹簧,358,40
433351,EdmundDZhang,3070999,【老E】你爸爸卖葡萄不穿裤子!%#@^,1445051033,34:09,//i1.hdslb.com/bfs/archive/59207a7b15cb7ee925a00993f1a7fd5cb769242a.jpg,2049,17,单机游戏,1206231,12716,2373,735,8252,2857,389356,ELISSA,92,506
433351,EdmundDZhang,3070999,【老E】你爸爸卖葡萄不穿裤子!%#@^,1445051033,34:09,//i1.hdslb.com/bfs/archive/59207a7b15cb7ee925a00993f1a7fd5cb769242a.jpg,2049,17,单机游戏,1206231,12716,2373,735,8252,2857,4942,老E,2550,34543
433351,EdmundDZhang,3070999,【老E】你爸爸卖葡萄不穿裤子!%#@^,1445051033,34:09,//i1.hdslb.com/bfs/archive/59207a7b15cb7ee925a00993f1a7fd5cb769242a.jpg,2049,17,单机游戏,1206231,12716,2373,735,8252,2857,6603,求生之路2,36996,5920
433351,EdmundDZhang,3070999,【老E】你爸爸卖葡萄不穿裤子!%#@^,1445051033,34:09,//i1.hdslb.com/bfs/archive/59207a7b15cb7ee925a00993f1a7fd5cb769242a.jpg,2049,17,单机游戏,1206231,12716,2373,735,8252,2857,228357,灵魂歌手,62247,65532
433351,EdmundDZhang,1985060,【老E】我有特别的打飞机技巧,1423622162,12:46,//i2.hdslb.com/bfs/archive/047d5b0158089babffb7bbd3d82cf381cc913906.jpg,766,17,单机游戏,1060250,11899,836,296,1280,2083,17683,单机游戏,1236667,456648
433351,EdmundDZhang,1985060,【老E】我有特别的打飞机技巧,1423622162,12:46,//i2.hdslb.com/bfs/archive/047d5b0158089babffb7bbd3d82cf381cc913906.jpg,766,17,单机游戏,1060250,11899,836,296,1280,2083,263089,游戏集锦,512428,193700
433351,EdmundDZhang,1985060,【老E】我有特别的打飞机技巧,1423622162,12:46,//i2.hdslb.com/bfs/archive/047d5b0158089babffb7bbd3d82cf381cc913906.jpg,766,17,单机游戏,1060250,11899,836,296,1280,2083,5781,刺客信条,57013,70746
433351,EdmundDZhang,1985060,【老E】我有特别的打飞机技巧,1423622162,12:46,//i2.hdslb.com/bfs/archive/047d5b0158089babffb7bbd3d82cf381cc913906.jpg,766,17,单机游戏,1060250,11899,836,296,1280,2083,1246,无主之地,3723,492
433351,EdmundDZhang,1985060,【老E】我有特别的打飞机技巧,1423622162,12:46,//i2.hdslb.com/bfs/archive/047d5b0158089babffb7bbd3d82cf381cc913906.jpg,766,17,单机游戏,1060250,11899,836,296,1280,2083,1654,战地,40268,5952
433351,EdmundDZhang,1985060,【老E】我有特别的打飞机技巧,1423622162,12:46,//i2.hdslb.com/bfs/archive/047d5b0158089babffb7bbd3d82cf381cc913906.jpg,766,17,单机游戏,1060250,11899,836,296,1280,2083,987278,ELIVE,3,2
433351,EdmundDZhang,1985060,【老E】我有特别的打飞机技巧,1423622162,12:46,//i2.hdslb.com/bfs/archive/047d5b0158089babffb7bbd3d82cf381cc913906.jpg,766,17,单机游戏,1060250,11899,836,296,1280,2083,4942,老E,2550,34543
433351,EdmundDZhang,1985060,【老E】我有特别的打飞机技巧,1423622162,12:46,//i2.hdslb.com/bfs/archive/047d5b0158089babffb7bbd3d82cf381cc913906.jpg,766,17,单机游戏,1060250,11899,836,296,1280,2083,589,哲学,68011,81857
433351,EdmundDZhang,1985060,【老E】我有特别的打飞机技巧,1423622162,12:46,//i2.hdslb.com/bfs/archive/047d5b0158089babffb7bbd3d82cf381cc913906.jpg,766,17,单机游戏,1060250,11899,836,296,1280,2083,75129,怎样打飞机,3,0
433351,EdmundDZhang,34160693,【老E】这就是你的替身吗！EOEO!,1539945305,12:09,//i1.hdslb.com/bfs/archive/c231377c8ad1225b9823825d209cf5a77abfeb4e.jpg,729,17,单机游戏,1019996,6719,1953,29852,48020,11739,4942,老E,2550,34543
433351,EdmundDZhang,34160693,【老E】这就是你的替身吗！EOEO!,1539945305,12:09,//i1.hdslb.com/bfs/archive/c231377c8ad1225b9823825d209cf5a77abfeb4e.jpg,729,17,单机游戏,1019996,6719,1953,29852,48020,11739,1087,使命召唤,72588,50005
433351,EdmundDZhang,657975,【老E】GBA特辑 0001 - 0007（你小时候玩过多少款GBA游戏？）,1374234305,09:28,//i0.hdslb.com/bfs/archive/97a0107cade0e288577f0e77fe855019d61af561.jpg,568,17,单机游戏,434067,8501,628,464,1367,1109,263089,游戏集锦,512428,193700
433351,EdmundDZhang,657975,【老E】GBA特辑 0001 - 0007（你小时候玩过多少款GBA游戏？）,1374234305,09:28,//i0.hdslb.com/bfs/archive/97a0107cade0e288577f0e77fe855019d61af561.jpg,568,17,单机游戏,434067,8501,628,464,1367,1109,939,洛克人,7846,618
433351,EdmundDZhang,657975,【老E】GBA特辑 0001 - 0007（你小时候玩过多少款GBA游戏？）,1374234305,09:28,//i0.hdslb.com/bfs/archive/97a0107cade0e288577f0e77fe855019d61af561.jpg,568,17,单机游戏,434067,8501,628,464,1367,1109,3450,GBA,5660,371
433351,EdmundDZhang,657975,【老E】GBA特辑 0001 - 0007（你小时候玩过多少款GBA游戏？）,1374234305,09:28,//i0.hdslb.com/bfs/archive/97a0107cade0e288577f0e77fe855019d61af561.jpg,568,17,单机游戏,434067,8501,628,464,1367,1109,190590,EDMUNDDZHANG,46,21
433351,EdmundDZhang,657975,【老E】GBA特辑 0001 - 0007（你小时候玩过多少款GBA游戏？）,1374234305,09:28,//i0.hdslb.com/bfs/archive/97a0107cade0e288577f0e77fe855019d61af561.jpg,568,17,单机游戏,434067,8501,628,464,1367,1109,4942,老E,2550,34543
433351,EdmundDZhang,657975,【老E】GBA特辑 0001 - 0007（你小时候玩过多少款GBA游戏？）,1374234305,09:28,//i0.hdslb.com/bfs/archive/97a0107cade0e288577f0e77fe855019d61af561.jpg,568,17,单机游戏,434067,8501,628,464,1367,1109,3981,恶魔城,7769,900
433351,EdmundDZhang,657975,【老E】GBA特辑 0001 - 0007（你小时候玩过多少款GBA游戏？）,1374234305,09:28,//i0.hdslb.com/bfs/archive/97a0107cade0e288577f0e77fe855019d61af561.jpg,568,17,单机游戏,434067,8501,628,464,1367,1109,192661,游戏回忆录,35,5
433351,EdmundDZhang,657975,【老E】GBA特辑 0001 - 0007（你小时候玩过多少款GBA游戏？）,1374234305,09:28,//i0.hdslb.com/bfs/archive/97a0107cade0e288577f0e77fe855019d61af561.jpg,568,17,单机游戏,434067,8501,628,464,1367,1109,399019,GBA特辑,3,1
433351,EdmundDZhang,657975,【老E】GBA特辑 0001 - 0007（你小时候玩过多少款GBA游戏？）,1374234305,09:28,//i0.hdslb.com/bfs/archive/97a0107cade0e288577f0e77fe855019d61af561.jpg,568,17,单机游戏,434067,8501,628,464,1367,1109,78628,又短又快,97,1
433351,EdmundDZhang,4680711,【老E】这是一款多动症之间的生存格斗游戏！,1463460648,30:21,//i0.hdslb.com/bfs/archive/f99b6d52302ecdf8b87d8b0f7ae06e3a6c5a6406.jpg,1821,17,单机游戏,1435979,22351,2056,1383,24613,14162,4942,老E,2550,34543
433351,EdmundDZhang,4680711,【老E】这是一款多动症之间的生存格斗游戏！,1463460648,30:21,//i0.hdslb.com/bfs/archive/f99b6d52302ecdf8b87d8b0f7ae06e3a6c5a6406.jpg,1821,17,单机游戏,1435979,22351,2056,1383,24613,14162,43110,生存游戏,29522,4034
433351,EdmundDZhang,2589284,【老E】中国牌皇(Dou Di Zhu of King)的崛起,1437179989,47:18,//i0.hdslb.com/bfs/archive/3d6e664100f4494cf807d8973619692f2a942c8b.jpg,2838,173,桌游棋牌,891611,20373,1560,183,1535,1168,1293256,我不在乎他是怎么赢的,1,0
433351,EdmundDZhang,2589284,【老E】中国牌皇(Dou Di Zhu of King)的崛起,1437179989,47:18,//i0.hdslb.com/bfs/archive/3d6e664100f4494cf807d8973619692f2a942c8b.jpg,2838,173,桌游棋牌,891611,20373,1560,183,1535,1168,389356,ELISSA,92,506
433351,EdmundDZhang,2589284,【老E】中国牌皇(Dou Di Zhu of King)的崛起,1437179989,47:18,//i0.hdslb.com/bfs/archive/3d6e664100f4494cf807d8973619692f2a942c8b.jpg,2838,173,桌游棋牌,891611,20373,1560,183,1535,1168,4942,老E,2550,34543
433351,EdmundDZhang,2589284,【老E】中国牌皇(Dou Di Zhu of King)的崛起,1437179989,47:18,//i0.hdslb.com/bfs/archive/3d6e664100f4494cf807d8973619692f2a942c8b.jpg,2838,173,桌游棋牌,891611,20373,1560,183,1535,1168,47896,斗地主,25629,2540
433351,EdmundDZhang,2589284,【老E】中国牌皇(Dou Di Zhu of King)的崛起,1437179989,47:18,//i0.hdslb.com/bfs/archive/3d6e664100f4494cf807d8973619692f2a942c8b.jpg,2838,173,桌游棋牌,891611,20373,1560,183,1535,1168,2443218,标题语法瞩目,1,0
433351,EdmundDZhang,2589284,【老E】中国牌皇(Dou Di Zhu of King)的崛起,1437179989,47:18,//i0.hdslb.com/bfs/archive/3d6e664100f4494cf807d8973619692f2a942c8b.jpg,2838,173,桌游棋牌,891611,20373,1560,183,1535,1168,2529889,开黑吗？我斗地主贼六,1,0
433351,EdmundDZhang,2589284,【老E】中国牌皇(Dou Di Zhu of King)的崛起,1437179989,47:18,//i0.hdslb.com/bfs/archive/3d6e664100f4494cf807d8973619692f2a942c8b.jpg,2838,173,桌游棋牌,891611,20373,1560,183,1535,1168,1323384,裤衩都不剩,1,0
433351,EdmundDZhang,2589284,【老E】中国牌皇(Dou Di Zhu of King)的崛起,1437179989,47:18,//i0.hdslb.com/bfs/archive/3d6e664100f4494cf807d8973619692f2a942c8b.jpg,2838,173,桌游棋牌,891611,20373,1560,183,1535,1168,2526224,王的斗地主,1,0
433351,EdmundDZhang,2589284,【老E】中国牌皇(Dou Di Zhu of King)的崛起,1437179989,47:18,//i0.hdslb.com/bfs/archive/3d6e664100f4494cf807d8973619692f2a942c8b.jpg,2838,173,桌游棋牌,891611,20373,1560,183,1535,1168,1308873,封面好颜艺,3,0
433351,EdmundDZhang,757320,【老E】这游戏里全是猪一样的敌人！,1379041767,06:54,//i2.hdslb.com/bfs/archive/4d7eb5fd816e74bee235e866a7fb9ff8cc3ea00c.jpg,414,17,单机游戏,614789,4740,273,239,544,727,263089,游戏集锦,512428,193700
433351,EdmundDZhang,757320,【老E】这游戏里全是猪一样的敌人！,1379041767,06:54,//i2.hdslb.com/bfs/archive/4d7eb5fd816e74bee235e866a7fb9ff8cc3ea00c.jpg,414,17,单机游戏,614789,4740,273,239,544,727,2446,迷之高产,1588,57
433351,EdmundDZhang,757320,【老E】这游戏里全是猪一样的敌人！,1379041767,06:54,//i2.hdslb.com/bfs/archive/4d7eb5fd816e74bee235e866a7fb9ff8cc3ea00c.jpg,414,17,单机游戏,614789,4740,273,239,544,727,5900,高产,7067,212
433351,EdmundDZhang,757320,【老E】这游戏里全是猪一样的敌人！,1379041767,06:54,//i2.hdslb.com/bfs/archive/4d7eb5fd816e74bee235e866a7fb9ff8cc3ea00c.jpg,414,17,单机游戏,614789,4740,273,239,544,727,17683,单机游戏,1236667,456648
433351,EdmundDZhang,757320,【老E】这游戏里全是猪一样的敌人！,1379041767,06:54,//i2.hdslb.com/bfs/archive/4d7eb5fd816e74bee235e866a7fb9ff8cc3ea00c.jpg,414,17,单机游戏,614789,4740,273,239,544,727,78177,失忆症,843,83
433351,EdmundDZhang,757320,【老E】这游戏里全是猪一样的敌人！,1379041767,06:54,//i2.hdslb.com/bfs/archive/4d7eb5fd816e74bee235e866a7fb9ff8cc3ea00c.jpg,414,17,单机游戏,614789,4740,273,239,544,727,16668,DREAM.E,63,23
433351,EdmundDZhang,757320,【老E】这游戏里全是猪一样的敌人！,1379041767,06:54,//i2.hdslb.com/bfs/archive/4d7eb5fd816e74bee235e866a7fb9ff8cc3ea00c.jpg,414,17,单机游戏,614789,4740,273,239,544,727,72003,测评,176563,256423
433351,EdmundDZhang,757320,【老E】这游戏里全是猪一样的敌人！,1379041767,06:54,//i2.hdslb.com/bfs/archive/4d7eb5fd816e74bee235e866a7fb9ff8cc3ea00c.jpg,414,17,单机游戏,614789,4740,273,239,544,727,841,恐怖,139397,107960
433351,EdmundDZhang,757320,【老E】这游戏里全是猪一样的敌人！,1379041767,06:54,//i2.hdslb.com/bfs/archive/4d7eb5fd816e74bee235e866a7fb9ff8cc3ea00c.jpg,414,17,单机游戏,614789,4740,273,239,544,727,4942,老E,2550,34543
433351,EdmundDZhang,757320,【老E】这游戏里全是猪一样的敌人！,1379041767,06:54,//i2.hdslb.com/bfs/archive/4d7eb5fd816e74bee235e866a7fb9ff8cc3ea00c.jpg,414,17,单机游戏,614789,4740,273,239,544,727,453292,游戏AVG,2,0
433351,EdmundDZhang,757320,【老E】这游戏里全是猪一样的敌人！,1379041767,06:54,//i2.hdslb.com/bfs/archive/4d7eb5fd816e74bee235e866a7fb9ff8cc3ea00c.jpg,414,17,单机游戏,614789,4740,273,239,544,727,40318,二师兄,436,10
433351,EdmundDZhang,757320,【老E】这游戏里全是猪一样的敌人！,1379041767,06:54,//i2.hdslb.com/bfs/archive/4d7eb5fd816e74bee235e866a7fb9ff8cc3ea00c.jpg,414,17,单机游戏,614789,4740,273,239,544,727,453291,机智的老E,1,0
433351,EdmundDZhang,757320,【老E】这游戏里全是猪一样的敌人！,1379041767,06:54,//i2.hdslb.com/bfs/archive/4d7eb5fd816e74bee235e866a7fb9ff8cc3ea00c.jpg,414,17,单机游戏,614789,4740,273,239,544,727,451552,猪猡的机器,49,0
